scheme,source,dataset,dimension,predicate,operation,value,unit,scope,notes,citation_key,status
RoFL,user_provided_published_baseline,MNIST,19000,q_inf,client_prove_time_per_client,34,seconds,per_client,User-provided RoFL/ACORN baseline table,rofl,provided
ACORN,user_provided_published_baseline,MNIST,19000,q_inf,client_prove_time_per_client,17.88,seconds,per_client,User-provided RoFL/ACORN baseline table,acorn,provided
RoFL,user_provided_published_baseline,MNIST,19000,q_2,client_prove_time_per_client,40,seconds,per_client,User-provided RoFL/ACORN baseline table,rofl,provided
ACORN,user_provided_published_baseline,MNIST,19000,q_2,client_prove_time_per_client,18.04,seconds,per_client,User-provided RoFL/ACORN baseline table,acorn,provided
RoFL,user_provided_published_baseline,MNIST,19000,q_inf,server_verify_time_per_client,6.01,seconds,per_client,User-provided RoFL/ACORN baseline table,rofl,provided
ACORN,user_provided_published_baseline,MNIST,19000,q_inf,server_verify_time_per_client,10.4,seconds,per_client,User-provided RoFL/ACORN baseline table,acorn,provided
RoFL,user_provided_published_baseline,MNIST,19000,q_2,server_verify_time_per_client,13.51,seconds,per_client,User-provided RoFL/ACORN baseline table,rofl,provided
ACORN,user_provided_published_baseline,MNIST,19000,q_2,server_verify_time_per_client,11.32,seconds,per_client,User-provided RoFL/ACORN baseline table,acorn,provided
RoFL,user_provided_published_baseline,MNIST,19000,q_inf,bandwidth_per_client,1433,KB,per_client,User-provided RoFL/ACORN baseline table,rofl,provided
ACORN,user_provided_published_baseline,MNIST,19000,q_inf,bandwidth_per_client,3.46,KB,per_client,User-provided RoFL/ACORN baseline table,acorn,provided
RoFL,user_provided_published_baseline,MNIST,19000,q_2,bandwidth_per_client,4608,KB,per_client,User-provided RoFL/ACORN baseline table,rofl,provided
ACORN,user_provided_published_baseline,MNIST,19000,q_2,bandwidth_per_client,3.58,KB,per_client,User-provided RoFL/ACORN baseline table,acorn,provided
RoFL,user_provided_published_baseline,CIFAR10-S,62000,q_inf,client_prove_time_per_client,94,seconds,per_client,User-provided RoFL/ACORN baseline table,rofl,provided
ACORN,user_provided_published_baseline,CIFAR10-S,62000,q_inf,client_prove_time_per_client,78.72,seconds,per_client,User-provided RoFL/ACORN baseline table,acorn,provided
RoFL,user_provided_published_baseline,CIFAR10-S,62000,q_2,client_prove_time_per_client,118,seconds,per_client,User-provided RoFL/ACORN baseline table,rofl,provided
ACORN,user_provided_published_baseline,CIFAR10-S,62000,q_2,client_prove_time_per_client,81.12,seconds,per_client,User-provided RoFL/ACORN baseline table,acorn,provided
RoFL,user_provided_published_baseline,CIFAR10-S,62000,q_inf,server_verify_time_per_client,29.92,seconds,per_client,User-provided RoFL/ACORN baseline table,rofl,provided
ACORN,user_provided_published_baseline,CIFAR10-S,62000,q_inf,server_verify_time_per_client,33.9,seconds,per_client,User-provided RoFL/ACORN baseline table,acorn,provided
RoFL,user_provided_published_baseline,CIFAR10-S,62000,q_2,server_verify_time_per_client,49.32,seconds,per_client,User-provided RoFL/ACORN baseline table,rofl,provided
ACORN,user_provided_published_baseline,CIFAR10-S,62000,q_2,server_verify_time_per_client,34.57,seconds,per_client,User-provided RoFL/ACORN baseline table,acorn,provided
RoFL,user_provided_published_baseline,CIFAR10-S,62000,q_inf,bandwidth_per_client,4403,KB,per_client,User-provided RoFL/ACORN baseline table,rofl,provided
ACORN,user_provided_published_baseline,CIFAR10-S,62000,q_inf,bandwidth_per_client,3.68,KB,per_client,User-provided RoFL/ACORN baseline table,acorn,provided
RoFL,user_provided_published_baseline,CIFAR10-S,62000,q_2,bandwidth_per_client,14540,KB,per_client,User-provided RoFL/ACORN baseline table,rofl,provided
ACORN,user_provided_published_baseline,CIFAR10-S,62000,q_2,bandwidth_per_client,3.79,KB,per_client,User-provided RoFL/ACORN baseline table,acorn,provided
RoFL,user_provided_published_baseline,CIFAR10-L,273000,q_inf,client_prove_time_per_client,660,seconds,per_client,User-provided RoFL/ACORN baseline table,rofl,provided
ACORN,user_provided_published_baseline,CIFAR10-L,273000,q_inf,client_prove_time_per_client,158.84,seconds,per_client,User-provided RoFL/ACORN baseline table,acorn,provided
RoFL,user_provided_published_baseline,CIFAR10-L,273000,q_2,client_prove_time_per_client,770,seconds,per_client,User-provided RoFL/ACORN baseline table,rofl,provided
ACORN,user_provided_published_baseline,CIFAR10-L,273000,q_2,client_prove_time_per_client,166.76,seconds,per_client,User-provided RoFL/ACORN baseline table,acorn,provided
RoFL,user_provided_published_baseline,CIFAR10-L,273000,q_inf,server_verify_time_per_client,147.24,seconds,per_client,User-provided RoFL/ACORN baseline table,rofl,provided
ACORN,user_provided_published_baseline,CIFAR10-L,273000,q_inf,server_verify_time_per_client,149,seconds,per_client,User-provided RoFL/ACORN baseline table,acorn,provided
RoFL,user_provided_published_baseline,CIFAR10-L,273000,q_2,server_verify_time_per_client,225.04,seconds,per_client,User-provided RoFL/ACORN baseline table,rofl,provided
ACORN,user_provided_published_baseline,CIFAR10-L,273000,q_2,server_verify_time_per_client,153.72,seconds,per_client,User-provided RoFL/ACORN baseline table,acorn,provided
RoFL,user_provided_published_baseline,CIFAR10-L,273000,q_inf,bandwidth_per_client,19148,KB,per_client,User-provided RoFL/ACORN baseline table,rofl,provided
ACORN,user_provided_published_baseline,CIFAR10-L,273000,q_inf,bandwidth_per_client,3.96,KB,per_client,User-provided RoFL/ACORN baseline table,acorn,provided
RoFL,user_provided_published_baseline,CIFAR10-L,273000,q_2,bandwidth_per_client,63897,KB,per_client,User-provided RoFL/ACORN baseline table,rofl,provided
ACORN,user_provided_published_baseline,CIFAR10-L,273000,q_2,bandwidth_per_client,4.08,KB,per_client,User-provided RoFL/ACORN baseline table,acorn,provided
RoFL,user_provided_published_baseline,Shakespeare,818000,q_inf,client_prove_time_per_client,1546,seconds,per_client,User-provided RoFL/ACORN baseline table,rofl,provided
ACORN,user_provided_published_baseline,Shakespeare,818000,q_inf,client_prove_time_per_client,1283.18,seconds,per_client,User-provided RoFL/ACORN baseline table,acorn,provided
RoFL,user_provided_published_baseline,Shakespeare,818000,q_2,client_prove_time_per_client,1676,seconds,per_client,User-provided RoFL/ACORN baseline table,rofl,provided
ACORN,user_provided_published_baseline,Shakespeare,818000,q_2,client_prove_time_per_client,1221.34,seconds,per_client,User-provided RoFL/ACORN baseline table,acorn,provided
RoFL,user_provided_published_baseline,Shakespeare,818000,q_inf,server_verify_time_per_client,450.26,seconds,per_client,User-provided RoFL/ACORN baseline table,rofl,provided
ACORN,user_provided_published_baseline,Shakespeare,818000,q_inf,server_verify_time_per_client,446,seconds,per_client,User-provided RoFL/ACORN baseline table,acorn,provided
RoFL,user_provided_published_baseline,Shakespeare,818000,q_2,server_verify_time_per_client,678.92,seconds,per_client,User-provided RoFL/ACORN baseline table,rofl,provided
ACORN,user_provided_published_baseline,Shakespeare,818000,q_2,server_verify_time_per_client,454.32,seconds,per_client,User-provided RoFL/ACORN baseline table,acorn,provided
RoFL,user_provided_published_baseline,Shakespeare,818000,q_inf,bandwidth_per_client,57036,KB,per_client,User-provided RoFL/ACORN baseline table,rofl,provided
ACORN,user_provided_published_baseline,Shakespeare,818000,q_inf,bandwidth_per_client,5.12,KB,per_client,User-provided RoFL/ACORN baseline table,acorn,provided
RoFL,user_provided_published_baseline,Shakespeare,818000,q_2,bandwidth_per_client,191078,KB,per_client,User-provided RoFL/ACORN baseline table,rofl,provided
ACORN,user_provided_published_baseline,Shakespeare,818000,q_2,bandwidth_per_client,5.51,KB,per_client,User-provided RoFL/ACORN baseline table,acorn,provided
