scheme,dataset,dimension,predicate,baseline_client_time_s,avsa_client_extra_s,client_extra_percent,baseline_server_time_s,avsa_server_extra_s,server_extra_percent,baseline_bandwidth_kb,avsa_common_extra_kb,common_bandwidth_extra_percent,avsa_opening_extra_kb,opening_bandwidth_extra_percent,baseline_source,comparison_note
ACORN,CIFAR10-L,273000,q_2,166.760000,7.186908,4.309731,153.720000,7.184756,4.673924,4.080000,215.136377,5272.950416,94057.541406,2305331.897212,user_provided_published_baseline,"published baseline, not same-hardware controlled comparison"
ACORN,CIFAR10-L,273000,q_inf,158.840000,7.186908,4.524621,149.000000,7.184756,4.821984,3.960000,215.136377,5432.736792,94057.541406,2375190.439552,user_provided_published_baseline,"published baseline, not same-hardware controlled comparison"
ACORN,CIFAR10-S,62000,q_2,81.120000,1.625739,2.004116,34.570000,1.627785,4.708664,3.790000,50.292627,1326.982242,21361.447656,563626.587236,user_provided_published_baseline,"published baseline, not same-hardware controlled comparison"
ACORN,CIFAR10-S,62000,q_inf,78.720000,1.625739,2.065218,33.900000,1.627785,4.801726,3.680000,50.292627,1366.647472,21361.447656,580474.121094,user_provided_published_baseline,"published baseline, not same-hardware controlled comparison"
ACORN,MNIST,19000,q_2,18.040000,0.498758,2.764733,11.320000,0.499880,4.415905,3.580000,16.698877,466.449077,6546.603906,182866.030901,user_provided_published_baseline,"published baseline, not same-hardware controlled comparison"
ACORN,MNIST,19000,q_inf,17.880000,0.498758,2.789473,10.400000,0.499880,4.806543,3.460000,16.698877,482.626502,6546.603906,189208.205383,user_provided_published_baseline,"published baseline, not same-hardware controlled comparison"
ACORN,Shakespeare,818000,q_2,1221.340000,21.496465,1.760072,454.320000,21.524532,4.737747,5.510000,640.917627,11631.898856,281827.072656,5114828.904832,user_provided_published_baseline,"published baseline, not same-hardware controlled comparison"
ACORN,Shakespeare,818000,q_inf,1283.180000,21.496465,1.675249,446.000000,21.524532,4.826128,5.120000,640.917627,12517.922401,281827.072656,5504435.012817,user_provided_published_baseline,"published baseline, not same-hardware controlled comparison"
RoFL,CIFAR10-L,273000,q_2,770.000000,7.186908,0.933365,225.040000,7.184756,3.192657,63897.000000,215.136377,0.336692,94057.541406,147.201811,user_provided_published_baseline,"published baseline, not same-hardware controlled comparison"
RoFL,CIFAR10-L,273000,q_inf,660.000000,7.186908,1.088925,147.240000,7.184756,4.879622,19148.000000,215.136377,1.123545,94057.541406,491.213398,user_provided_published_baseline,"published baseline, not same-hardware controlled comparison"
RoFL,CIFAR10-S,62000,q_2,118.000000,1.625739,1.377745,49.320000,1.627785,3.300457,14540.000000,50.292627,0.345892,21361.447656,146.915046,user_provided_published_baseline,"published baseline, not same-hardware controlled comparison"
RoFL,CIFAR10-S,62000,q_inf,94.000000,1.625739,1.729510,29.920000,1.627785,5.440458,4403.000000,50.292627,1.142235,21361.447656,485.156658,user_provided_published_baseline,"published baseline, not same-hardware controlled comparison"
RoFL,MNIST,19000,q_2,40.000000,0.498758,1.246894,13.510000,0.499880,3.700077,4608.000000,16.698877,0.362389,6546.603906,142.070397,user_provided_published_baseline,"published baseline, not same-hardware controlled comparison"
RoFL,MNIST,19000,q_inf,34.000000,0.498758,1.466935,6.010000,0.499880,8.317478,1433.000000,16.698877,1.165309,6546.603906,456.846051,user_provided_published_baseline,"published baseline, not same-hardware controlled comparison"
RoFL,Shakespeare,818000,q_2,1676.000000,21.496465,1.282605,678.920000,21.524532,3.170408,191078.000000,640.917627,0.335422,281827.072656,147.493208,user_provided_published_baseline,"published baseline, not same-hardware controlled comparison"
RoFL,Shakespeare,818000,q_inf,1546.000000,21.496465,1.390457,450.260000,21.524532,4.780467,57036.000000,640.917627,1.123707,281827.072656,494.121384,user_provided_published_baseline,"published baseline, not same-hardware controlled comparison"
