experiment,run_id,n,dimension,admitted,non_admitted,boundary_size,tag_mode,certificate_mode,generation_ms,generation_time_source,generation_cost_model,verification_ms,verification_time_source,verification_cost_model,certificate_header_bytes,aggregate_mask_bytes,raw_opening_bytes,total_extra_bytes,space_cost_model,result_label
tag_vs_opening,tag_vs_opening-n10_d19000-n10-d19000-r0,10,19000,8,2,16,compact_vector_tag_main,tag,3956.397461,calibrated_estimate,O(a)+T_tag(l),3961.243945,calibrated_estimate,O(a)+T_tag(l),448,608000,0,608448,O(a) tags plus one O(l) aggregate mask,accept
tag_vs_opening,tag_vs_opening-n10_d19000-n10-d19000-r0,10,19000,8,2,16,compact_vector_tag_main,open,11.388867,calibrated_estimate,O((a+boundary)*l),11.333203,calibrated_estimate,O((a+boundary)*l),1184,608000,14592000,15201184,O((a+boundary)*l) raw dispute evidence,accept
tag_vs_opening,tag_vs_opening-n10_d19000-n10-d19000-r1,10,19000,8,2,16,compact_vector_tag_main,tag,3956.631250,calibrated_estimate,O(a)+T_tag(l),3962.579883,calibrated_estimate,O(a)+T_tag(l),448,608000,0,608448,O(a) tags plus one O(l) aggregate mask,accept
tag_vs_opening,tag_vs_opening-n10_d19000-n10-d19000-r1,10,19000,8,2,16,compact_vector_tag_main,open,11.388867,calibrated_estimate,O((a+boundary)*l),11.344336,calibrated_estimate,O((a+boundary)*l),1184,608000,14592000,15201184,O((a+boundary)*l) raw dispute evidence,accept
tag_vs_opening,tag_vs_opening-n10_d19000-n10-d19000-r2,10,19000,8,2,16,compact_vector_tag_main,tag,3954.579102,calibrated_estimate,O(a)+T_tag(l),3974.213672,calibrated_estimate,O(a)+T_tag(l),448,608000,0,608448,O(a) tags plus one O(l) aggregate mask,accept
tag_vs_opening,tag_vs_opening-n10_d19000-n10-d19000-r2,10,19000,8,2,16,compact_vector_tag_main,open,11.377734,calibrated_estimate,O((a+boundary)*l),11.333203,calibrated_estimate,O((a+boundary)*l),1184,608000,14592000,15201184,O((a+boundary)*l) raw dispute evidence,accept
tag_vs_opening,tag_vs_opening-n10_d19000-n10-d19000-r3,10,19000,8,2,16,compact_vector_tag_main,tag,3958.256641,calibrated_estimate,O(a)+T_tag(l),3952.608594,calibrated_estimate,O(a)+T_tag(l),448,608000,0,608448,O(a) tags plus one O(l) aggregate mask,accept
tag_vs_opening,tag_vs_opening-n10_d19000-n10-d19000-r3,10,19000,8,2,16,compact_vector_tag_main,open,11.377734,calibrated_estimate,O((a+boundary)*l),14.595117,calibrated_estimate,O((a+boundary)*l),1184,608000,14592000,15201184,O((a+boundary)*l) raw dispute evidence,accept
tag_vs_opening,tag_vs_opening-n10_d19000-n10-d19000-r4,10,19000,8,2,16,compact_vector_tag_main,tag,3956.516211,calibrated_estimate,O(a)+T_tag(l),3958.208398,calibrated_estimate,O(a)+T_tag(l),448,608000,0,608448,O(a) tags plus one O(l) aggregate mask,accept
tag_vs_opening,tag_vs_opening-n10_d19000-n10-d19000-r4,10,19000,8,2,16,compact_vector_tag_main,open,11.355469,calibrated_estimate,O((a+boundary)*l),11.344336,calibrated_estimate,O((a+boundary)*l),1184,608000,14592000,15201184,O((a+boundary)*l) raw dispute evidence,accept
tag_vs_opening,tag_vs_opening-n10_d62000-n10-d62000-r0,10,62000,8,2,16,compact_vector_tag_main,tag,12911.306250,calibrated_estimate,O(a)+T_tag(l),12906.087109,calibrated_estimate,O(a)+T_tag(l),448,1984000,0,1984448,O(a) tags plus one O(l) aggregate mask,accept
tag_vs_opening,tag_vs_opening-n10_d62000-n10-d62000-r0,10,62000,8,2,16,compact_vector_tag_main,open,37.127344,calibrated_estimate,O((a+boundary)*l),37.018359,calibrated_estimate,O((a+boundary)*l),1184,1984000,47616000,49601184,O((a+boundary)*l) raw dispute evidence,accept
tag_vs_opening,tag_vs_opening-n10_d62000-n10-d62000-r1,10,62000,8,2,16,compact_vector_tag_main,tag,12913.086328,calibrated_estimate,O(a)+T_tag(l),12919.504297,calibrated_estimate,O(a)+T_tag(l),448,1984000,0,1984448,O(a) tags plus one O(l) aggregate mask,accept
tag_vs_opening,tag_vs_opening-n10_d62000-n10-d62000-r1,10,62000,8,2,16,compact_vector_tag_main,open,37.127344,calibrated_estimate,O((a+boundary)*l),37.018359,calibrated_estimate,O((a+boundary)*l),1184,1984000,47616000,49601184,O((a+boundary)*l) raw dispute evidence,accept
tag_vs_opening,tag_vs_opening-n10_d62000-n10-d62000-r2,10,62000,8,2,16,compact_vector_tag_main,tag,12911.633203,calibrated_estimate,O(a)+T_tag(l),12925.849609,calibrated_estimate,O(a)+T_tag(l),448,1984000,0,1984448,O(a) tags plus one O(l) aggregate mask,accept
tag_vs_opening,tag_vs_opening-n10_d62000-n10-d62000-r2,10,62000,8,2,16,compact_vector_tag_main,open,37.127344,calibrated_estimate,O((a+boundary)*l),37.018359,calibrated_estimate,O((a+boundary)*l),1184,1984000,47616000,49601184,O((a+boundary)*l) raw dispute evidence,accept
tag_vs_opening,tag_vs_opening-n10_d62000-n10-d62000-r3,10,62000,8,2,16,compact_vector_tag_main,tag,12915.605078,calibrated_estimate,O(a)+T_tag(l),12911.294141,calibrated_estimate,O(a)+T_tag(l),448,1984000,0,1984448,O(a) tags plus one O(l) aggregate mask,accept
tag_vs_opening,tag_vs_opening-n10_d62000-n10-d62000-r3,10,62000,8,2,16,compact_vector_tag_main,open,37.163672,calibrated_estimate,O((a+boundary)*l),37.018359,calibrated_estimate,O((a+boundary)*l),1184,1984000,47616000,49601184,O((a+boundary)*l) raw dispute evidence,accept
tag_vs_opening,tag_vs_opening-n10_d62000-n10-d62000-r4,10,62000,8,2,16,compact_vector_tag_main,tag,12900.916406,calibrated_estimate,O(a)+T_tag(l),12917.796875,calibrated_estimate,O(a)+T_tag(l),448,1984000,0,1984448,O(a) tags plus one O(l) aggregate mask,accept
tag_vs_opening,tag_vs_opening-n10_d62000-n10-d62000-r4,10,62000,8,2,16,compact_vector_tag_main,open,37.127344,calibrated_estimate,O((a+boundary)*l),37.018359,calibrated_estimate,O((a+boundary)*l),1184,1984000,47616000,49601184,O((a+boundary)*l) raw dispute evidence,accept
tag_vs_opening,tag_vs_opening-n10_d273000-n10-d273000-r0,10,273000,8,2,16,compact_vector_tag_main,tag,56850.543750,calibrated_estimate,O(a)+T_tag(l),56822.283984,calibrated_estimate,O(a)+T_tag(l),448,8736000,0,8736448,O(a) tags plus one O(l) aggregate mask,accept
tag_vs_opening,tag_vs_opening-n10_d273000-n10-d273000-r0,10,273000,8,2,16,compact_vector_tag_main,open,163.320117,calibrated_estimate,O((a+boundary)*l),163.000195,calibrated_estimate,O((a+boundary)*l),1184,8736000,209664000,218401184,O((a+boundary)*l) raw dispute evidence,accept
tag_vs_opening,tag_vs_opening-n10_d273000-n10-d273000-r1,10,273000,8,2,16,compact_vector_tag_main,tag,56824.843359,calibrated_estimate,O(a)+T_tag(l),56908.076367,calibrated_estimate,O(a)+T_tag(l),448,8736000,0,8736448,O(a) tags plus one O(l) aggregate mask,accept
tag_vs_opening,tag_vs_opening-n10_d273000-n10-d273000-r1,10,273000,8,2,16,compact_vector_tag_main,open,163.480078,calibrated_estimate,O((a+boundary)*l),162.840234,calibrated_estimate,O((a+boundary)*l),1184,8736000,209664000,218401184,O((a+boundary)*l) raw dispute evidence,accept
tag_vs_opening,tag_vs_opening-n10_d273000-n10-d273000-r2,10,273000,8,2,16,compact_vector_tag_main,tag,56897.412305,calibrated_estimate,O(a)+T_tag(l),56862.647461,calibrated_estimate,O(a)+T_tag(l),448,8736000,0,8736448,O(a) tags plus one O(l) aggregate mask,accept
tag_vs_opening,tag_vs_opening-n10_d273000-n10-d273000-r2,10,273000,8,2,16,compact_vector_tag_main,open,163.320117,calibrated_estimate,O((a+boundary)*l),163.000195,calibrated_estimate,O((a+boundary)*l),1184,8736000,209664000,218401184,O((a+boundary)*l) raw dispute evidence,accept
tag_vs_opening,tag_vs_opening-n10_d273000-n10-d273000-r3,10,273000,8,2,16,compact_vector_tag_main,tag,57179.370117,calibrated_estimate,O(a)+T_tag(l),56804.368359,calibrated_estimate,O(a)+T_tag(l),448,8736000,0,8736448,O(a) tags plus one O(l) aggregate mask,accept
tag_vs_opening,tag_vs_opening-n10_d273000-n10-d273000-r3,10,273000,8,2,16,compact_vector_tag_main,open,163.480078,calibrated_estimate,O((a+boundary)*l),163.000195,calibrated_estimate,O((a+boundary)*l),1184,8736000,209664000,218401184,O((a+boundary)*l) raw dispute evidence,accept
tag_vs_opening,tag_vs_opening-n10_d273000-n10-d273000-r4,10,273000,8,2,16,compact_vector_tag_main,tag,56810.286914,calibrated_estimate,O(a)+T_tag(l),56747.315625,calibrated_estimate,O(a)+T_tag(l),448,8736000,0,8736448,O(a) tags plus one O(l) aggregate mask,accept
tag_vs_opening,tag_vs_opening-n10_d273000-n10-d273000-r4,10,273000,8,2,16,compact_vector_tag_main,open,163.800000,calibrated_estimate,O((a+boundary)*l),163.000195,calibrated_estimate,O((a+boundary)*l),1184,8736000,209664000,218401184,O((a+boundary)*l) raw dispute evidence,accept
tag_vs_opening,tag_vs_opening-n10_d818000-n10-d818000-r0,10,818000,8,2,16,compact_vector_tag_main,tag,170124.987891,calibrated_estimate,O(a)+T_tag(l),170082.170703,calibrated_estimate,O(a)+T_tag(l),448,26176000,0,26176448,O(a) tags plus one O(l) aggregate mask,accept
tag_vs_opening,tag_vs_opening-n10_d818000-n10-d818000-r0,10,818000,8,2,16,compact_vector_tag_main,open,489.362109,calibrated_estimate,O((a+boundary)*l),487.924219,calibrated_estimate,O((a+boundary)*l),1184,26176000,628224000,654401184,O((a+boundary)*l) raw dispute evidence,accept
tag_vs_opening,tag_vs_opening-n10_d818000-n10-d818000-r1,10,818000,8,2,16,compact_vector_tag_main,tag,170099.904688,calibrated_estimate,O(a)+T_tag(l),170142.402344,calibrated_estimate,O(a)+T_tag(l),448,26176000,0,26176448,O(a) tags plus one O(l) aggregate mask,accept
tag_vs_opening,tag_vs_opening-n10_d818000-n10-d818000-r1,10,818000,8,2,16,compact_vector_tag_main,open,489.841406,calibrated_estimate,O((a+boundary)*l),488.403516,calibrated_estimate,O((a+boundary)*l),1184,26176000,628224000,654401184,O((a+boundary)*l) raw dispute evidence,accept
tag_vs_opening,tag_vs_opening-n10_d818000-n10-d818000-r2,10,818000,8,2,16,compact_vector_tag_main,tag,169871.439844,calibrated_estimate,O(a)+T_tag(l),170183.941406,calibrated_estimate,O(a)+T_tag(l),448,26176000,0,26176448,O(a) tags plus one O(l) aggregate mask,accept
tag_vs_opening,tag_vs_opening-n10_d818000-n10-d818000-r2,10,818000,8,2,16,compact_vector_tag_main,open,489.362109,calibrated_estimate,O((a+boundary)*l),488.403516,calibrated_estimate,O((a+boundary)*l),1184,26176000,628224000,654401184,O((a+boundary)*l) raw dispute evidence,accept
tag_vs_opening,tag_vs_opening-n10_d818000-n10-d818000-r3,10,818000,8,2,16,compact_vector_tag_main,tag,170131.378516,calibrated_estimate,O(a)+T_tag(l),170393.713672,calibrated_estimate,O(a)+T_tag(l),448,26176000,0,26176448,O(a) tags plus one O(l) aggregate mask,accept
tag_vs_opening,tag_vs_opening-n10_d818000-n10-d818000-r3,10,818000,8,2,16,compact_vector_tag_main,open,489.362109,calibrated_estimate,O((a+boundary)*l),487.924219,calibrated_estimate,O((a+boundary)*l),1184,26176000,628224000,654401184,O((a+boundary)*l) raw dispute evidence,accept
tag_vs_opening,tag_vs_opening-n10_d818000-n10-d818000-r4,10,818000,8,2,16,compact_vector_tag_main,tag,170341.310547,calibrated_estimate,O(a)+T_tag(l),170352.494141,calibrated_estimate,O(a)+T_tag(l),448,26176000,0,26176448,O(a) tags plus one O(l) aggregate mask,accept
tag_vs_opening,tag_vs_opening-n10_d818000-n10-d818000-r4,10,818000,8,2,16,compact_vector_tag_main,open,492.717188,calibrated_estimate,O((a+boundary)*l),488.403516,calibrated_estimate,O((a+boundary)*l),1184,26176000,628224000,654401184,O((a+boundary)*l) raw dispute evidence,accept
tag_vs_opening,tag_vs_opening-n20_d19000-n20-d19000-r0,20,19000,16,4,64,compact_vector_tag_main,tag,7967.412500,calibrated_estimate,O(a)+T_tag(l),7908.994922,calibrated_estimate,O(a)+T_tag(l),768,608000,0,608768,O(a) tags plus one O(l) aggregate mask,accept
tag_vs_opening,tag_vs_opening-n20_d19000-n20-d19000-r0,20,19000,16,4,64,compact_vector_tag_main,open,38.074219,calibrated_estimate,O((a+boundary)*l),37.814453,calibrated_estimate,O((a+boundary)*l),3808,608000,48640000,49251808,O((a+boundary)*l) raw dispute evidence,accept
tag_vs_opening,tag_vs_opening-n20_d19000-n20-d19000-r1,20,19000,16,4,64,compact_vector_tag_main,tag,7913.952734,calibrated_estimate,O(a)+T_tag(l),7937.235156,calibrated_estimate,O(a)+T_tag(l),768,608000,0,608768,O(a) tags plus one O(l) aggregate mask,accept
tag_vs_opening,tag_vs_opening-n20_d19000-n20-d19000-r1,20,19000,16,4,64,compact_vector_tag_main,open,37.925781,calibrated_estimate,O((a+boundary)*l),37.777344,calibrated_estimate,O((a+boundary)*l),3808,608000,48640000,49251808,O((a+boundary)*l) raw dispute evidence,accept
tag_vs_opening,tag_vs_opening-n20_d19000-n20-d19000-r2,20,19000,16,4,64,compact_vector_tag_main,tag,7908.445703,calibrated_estimate,O(a)+T_tag(l),7901.988672,calibrated_estimate,O(a)+T_tag(l),768,608000,0,608768,O(a) tags plus one O(l) aggregate mask,accept
tag_vs_opening,tag_vs_opening-n20_d19000-n20-d19000-r2,20,19000,16,4,64,compact_vector_tag_main,open,37.925781,calibrated_estimate,O((a+boundary)*l),37.814453,calibrated_estimate,O((a+boundary)*l),3808,608000,48640000,49251808,O((a+boundary)*l) raw dispute evidence,accept
tag_vs_opening,tag_vs_opening-n20_d19000-n20-d19000-r3,20,19000,16,4,64,compact_vector_tag_main,tag,7902.701172,calibrated_estimate,O(a)+T_tag(l),7872.924609,calibrated_estimate,O(a)+T_tag(l),768,608000,0,608768,O(a) tags plus one O(l) aggregate mask,accept
tag_vs_opening,tag_vs_opening-n20_d19000-n20-d19000-r3,20,19000,16,4,64,compact_vector_tag_main,open,37.925781,calibrated_estimate,O((a+boundary)*l),37.777344,calibrated_estimate,O((a+boundary)*l),3808,608000,48640000,49251808,O((a+boundary)*l) raw dispute evidence,accept
tag_vs_opening,tag_vs_opening-n20_d19000-n20-d19000-r4,20,19000,16,4,64,compact_vector_tag_main,tag,7905.484375,calibrated_estimate,O(a)+T_tag(l),7936.626563,calibrated_estimate,O(a)+T_tag(l),768,608000,0,608768,O(a) tags plus one O(l) aggregate mask,accept
tag_vs_opening,tag_vs_opening-n20_d19000-n20-d19000-r4,20,19000,16,4,64,compact_vector_tag_main,open,37.888672,calibrated_estimate,O((a+boundary)*l),37.814453,calibrated_estimate,O((a+boundary)*l),3808,608000,48640000,49251808,O((a+boundary)*l) raw dispute evidence,accept
tag_vs_opening,tag_vs_opening-n20_d62000-n20-d62000-r0,20,62000,16,4,64,compact_vector_tag_main,tag,25758.481250,calibrated_estimate,O(a)+T_tag(l),25533.658594,calibrated_estimate,O(a)+T_tag(l),768,1984000,0,1984768,O(a) tags plus one O(l) aggregate mask,accept
tag_vs_opening,tag_vs_opening-n20_d62000-n20-d62000-r0,20,62000,16,4,64,compact_vector_tag_main,open,123.394531,calibrated_estimate,O((a+boundary)*l),123.394531,calibrated_estimate,O((a+boundary)*l),3808,1984000,158720000,160707808,O((a+boundary)*l) raw dispute evidence,accept
tag_vs_opening,tag_vs_opening-n20_d62000-n20-d62000-r1,20,62000,16,4,64,compact_vector_tag_main,tag,25808.977344,calibrated_estimate,O(a)+T_tag(l),25912.803125,calibrated_estimate,O(a)+T_tag(l),768,1984000,0,1984768,O(a) tags plus one O(l) aggregate mask,accept
tag_vs_opening,tag_vs_opening-n20_d62000-n20-d62000-r1,20,62000,16,4,64,compact_vector_tag_main,open,123.757812,calibrated_estimate,O((a+boundary)*l),123.394531,calibrated_estimate,O((a+boundary)*l),3808,1984000,158720000,160707808,O((a+boundary)*l) raw dispute evidence,accept
tag_vs_opening,tag_vs_opening-n20_d62000-n20-d62000-r2,20,62000,16,4,64,compact_vector_tag_main,tag,25783.644531,calibrated_estimate,O(a)+T_tag(l),25771.753125,calibrated_estimate,O(a)+T_tag(l),768,1984000,0,1984768,O(a) tags plus one O(l) aggregate mask,accept
tag_vs_opening,tag_vs_opening-n20_d62000-n20-d62000-r2,20,62000,16,4,64,compact_vector_tag_main,open,123.636719,calibrated_estimate,O((a+boundary)*l),123.394531,calibrated_estimate,O((a+boundary)*l),3808,1984000,158720000,160707808,O((a+boundary)*l) raw dispute evidence,accept
tag_vs_opening,tag_vs_opening-n20_d62000-n20-d62000-r3,20,62000,16,4,64,compact_vector_tag_main,tag,25772.988281,calibrated_estimate,O(a)+T_tag(l),25789.892969,calibrated_estimate,O(a)+T_tag(l),768,1984000,0,1984768,O(a) tags plus one O(l) aggregate mask,accept
tag_vs_opening,tag_vs_opening-n20_d62000-n20-d62000-r3,20,62000,16,4,64,compact_vector_tag_main,open,123.515625,calibrated_estimate,O((a+boundary)*l),123.273437,calibrated_estimate,O((a+boundary)*l),3808,1984000,158720000,160707808,O((a+boundary)*l) raw dispute evidence,accept
tag_vs_opening,tag_vs_opening-n20_d62000-n20-d62000-r4,20,62000,16,4,64,compact_vector_tag_main,tag,25763.131250,calibrated_estimate,O(a)+T_tag(l),25856.978906,calibrated_estimate,O(a)+T_tag(l),768,1984000,0,1984768,O(a) tags plus one O(l) aggregate mask,accept
tag_vs_opening,tag_vs_opening-n20_d62000-n20-d62000-r4,20,62000,16,4,64,compact_vector_tag_main,open,124.000000,calibrated_estimate,O((a+boundary)*l),123.394531,calibrated_estimate,O((a+boundary)*l),3808,1984000,158720000,160707808,O((a+boundary)*l) raw dispute evidence,accept
tag_vs_opening,tag_vs_opening-n20_d273000-n20-d273000-r0,20,273000,16,4,64,compact_vector_tag_main,tag,113738.625000,calibrated_estimate,O(a)+T_tag(l),113859.982031,calibrated_estimate,O(a)+T_tag(l),768,8736000,0,8736768,O(a) tags plus one O(l) aggregate mask,accept
tag_vs_opening,tag_vs_opening-n20_d273000-n20-d273000-r0,20,273000,16,4,64,compact_vector_tag_main,open,543.867188,calibrated_estimate,O((a+boundary)*l),543.333984,calibrated_estimate,O((a+boundary)*l),3808,8736000,698880000,707619808,O((a+boundary)*l) raw dispute evidence,accept
tag_vs_opening,tag_vs_opening-n20_d273000-n20-d273000-r1,20,273000,16,4,64,compact_vector_tag_main,tag,113521.184766,calibrated_estimate,O(a)+T_tag(l),113927.805469,calibrated_estimate,O(a)+T_tag(l),768,8736000,0,8736768,O(a) tags plus one O(l) aggregate mask,accept
tag_vs_opening,tag_vs_opening-n20_d273000-n20-d273000-r1,20,273000,16,4,64,compact_vector_tag_main,open,544.933594,calibrated_estimate,O((a+boundary)*l),543.333984,calibrated_estimate,O((a+boundary)*l),3808,8736000,698880000,707619808,O((a+boundary)*l) raw dispute evidence,accept
tag_vs_opening,tag_vs_opening-n20_d273000-n20-d273000-r2,20,273000,16,4,64,compact_vector_tag_main,tag,113852.197266,calibrated_estimate,O(a)+T_tag(l),113791.945312,calibrated_estimate,O(a)+T_tag(l),768,8736000,0,8736768,O(a) tags plus one O(l) aggregate mask,accept
tag_vs_opening,tag_vs_opening-n20_d273000-n20-d273000-r2,20,273000,16,4,64,compact_vector_tag_main,open,574.259766,calibrated_estimate,O((a+boundary)*l),543.333984,calibrated_estimate,O((a+boundary)*l),3808,8736000,698880000,707619808,O((a+boundary)*l) raw dispute evidence,accept
tag_vs_opening,tag_vs_opening-n20_d273000-n20-d273000-r3,20,273000,16,4,64,compact_vector_tag_main,tag,113713.244531,calibrated_estimate,O(a)+T_tag(l),113519.905078,calibrated_estimate,O(a)+T_tag(l),768,8736000,0,8736768,O(a) tags plus one O(l) aggregate mask,accept
tag_vs_opening,tag_vs_opening-n20_d273000-n20-d273000-r3,20,273000,16,4,64,compact_vector_tag_main,open,543.867188,calibrated_estimate,O((a+boundary)*l),543.333984,calibrated_estimate,O((a+boundary)*l),3808,8736000,698880000,707619808,O((a+boundary)*l) raw dispute evidence,accept
tag_vs_opening,tag_vs_opening-n20_d273000-n20-d273000-r4,20,273000,16,4,64,compact_vector_tag_main,tag,113546.671875,calibrated_estimate,O(a)+T_tag(l),113865.207422,calibrated_estimate,O(a)+T_tag(l),768,8736000,0,8736768,O(a) tags plus one O(l) aggregate mask,accept
tag_vs_opening,tag_vs_opening-n20_d273000-n20-d273000-r4,20,273000,16,4,64,compact_vector_tag_main,open,549.199219,calibrated_estimate,O((a+boundary)*l),543.333984,calibrated_estimate,O((a+boundary)*l),3808,8736000,698880000,707619808,O((a+boundary)*l) raw dispute evidence,accept
tag_vs_opening,tag_vs_opening-n20_d818000-n20-d818000-r0,20,818000,16,4,64,compact_vector_tag_main,tag,339875.165625,calibrated_estimate,O(a)+T_tag(l),339742.879688,calibrated_estimate,O(a)+T_tag(l),768,26176000,0,26176768,O(a) tags plus one O(l) aggregate mask,accept
tag_vs_opening,tag_vs_opening-n20_d818000-n20-d818000-r0,20,818000,16,4,64,compact_vector_tag_main,open,1629.609375,calibrated_estimate,O((a+boundary)*l),1628.011719,calibrated_estimate,O((a+boundary)*l),3808,26176000,2094080000,2120259808,O((a+boundary)*l) raw dispute evidence,accept
tag_vs_opening,tag_vs_opening-n20_d818000-n20-d818000-r1,20,818000,16,4,64,compact_vector_tag_main,tag,347616.449219,calibrated_estimate,O(a)+T_tag(l),340428.913281,calibrated_estimate,O(a)+T_tag(l),768,26176000,0,26176768,O(a) tags plus one O(l) aggregate mask,accept
tag_vs_opening,tag_vs_opening-n20_d818000-n20-d818000-r1,20,818000,16,4,64,compact_vector_tag_main,open,1631.207031,calibrated_estimate,O((a+boundary)*l),1628.011719,calibrated_estimate,O((a+boundary)*l),3808,26176000,2094080000,2120259808,O((a+boundary)*l) raw dispute evidence,accept
tag_vs_opening,tag_vs_opening-n20_d818000-n20-d818000-r2,20,818000,16,4,64,compact_vector_tag_main,tag,340062.410938,calibrated_estimate,O(a)+T_tag(l),340056.339844,calibrated_estimate,O(a)+T_tag(l),768,26176000,0,26176768,O(a) tags plus one O(l) aggregate mask,accept
tag_vs_opening,tag_vs_opening-n20_d818000-n20-d818000-r2,20,818000,16,4,64,compact_vector_tag_main,open,1634.402344,calibrated_estimate,O((a+boundary)*l),1626.414062,calibrated_estimate,O((a+boundary)*l),3808,26176000,2094080000,2120259808,O((a+boundary)*l) raw dispute evidence,accept
tag_vs_opening,tag_vs_opening-n20_d818000-n20-d818000-r3,20,818000,16,4,64,compact_vector_tag_main,tag,340219.300781,calibrated_estimate,O(a)+T_tag(l),340191.501563,calibrated_estimate,O(a)+T_tag(l),768,26176000,0,26176768,O(a) tags plus one O(l) aggregate mask,accept
tag_vs_opening,tag_vs_opening-n20_d818000-n20-d818000-r3,20,818000,16,4,64,compact_vector_tag_main,open,1631.207031,calibrated_estimate,O((a+boundary)*l),1629.609375,calibrated_estimate,O((a+boundary)*l),3808,26176000,2094080000,2120259808,O((a+boundary)*l) raw dispute evidence,accept
tag_vs_opening,tag_vs_opening-n20_d818000-n20-d818000-r4,20,818000,16,4,64,compact_vector_tag_main,tag,340020.871875,calibrated_estimate,O(a)+T_tag(l),339999.143750,calibrated_estimate,O(a)+T_tag(l),768,26176000,0,26176768,O(a) tags plus one O(l) aggregate mask,accept
tag_vs_opening,tag_vs_opening-n20_d818000-n20-d818000-r4,20,818000,16,4,64,compact_vector_tag_main,open,1634.402344,calibrated_estimate,O((a+boundary)*l),1626.414062,calibrated_estimate,O((a+boundary)*l),3808,26176000,2094080000,2120259808,O((a+boundary)*l) raw dispute evidence,accept
tag_vs_opening,tag_vs_opening-n50_d19000-n50-d19000-r0,50,19000,40,10,400,compact_vector_tag_main,tag,19769.240234,calibrated_estimate,O(a)+T_tag(l),19770.984375,calibrated_estimate,O(a)+T_tag(l),1728,608000,0,609728,O(a) tags plus one O(l) aggregate mask,accept
tag_vs_opening,tag_vs_opening-n50_d19000-n50-d19000-r0,50,19000,40,10,400,compact_vector_tag_main,open,208.387695,calibrated_estimate,O((a+boundary)*l),207.979492,calibrated_estimate,O((a+boundary)*l),20896,608000,267520000,268148896,O((a+boundary)*l) raw dispute evidence,accept
tag_vs_opening,tag_vs_opening-n50_d19000-n50-d19000-r1,50,19000,40,10,400,compact_vector_tag_main,tag,19768.238281,calibrated_estimate,O(a)+T_tag(l),19930.369141,calibrated_estimate,O(a)+T_tag(l),1728,608000,0,609728,O(a) tags plus one O(l) aggregate mask,accept
tag_vs_opening,tag_vs_opening-n50_d19000-n50-d19000-r1,50,19000,40,10,400,compact_vector_tag_main,open,209.204102,calibrated_estimate,O((a+boundary)*l),207.979492,calibrated_estimate,O((a+boundary)*l),20896,608000,267520000,268148896,O((a+boundary)*l) raw dispute evidence,accept
tag_vs_opening,tag_vs_opening-n50_d19000-n50-d19000-r2,50,19000,40,10,400,compact_vector_tag_main,tag,19779.853516,calibrated_estimate,O(a)+T_tag(l),19771.726562,calibrated_estimate,O(a)+T_tag(l),1728,608000,0,609728,O(a) tags plus one O(l) aggregate mask,accept
tag_vs_opening,tag_vs_opening-n50_d19000-n50-d19000-r2,50,19000,40,10,400,compact_vector_tag_main,open,208.183594,calibrated_estimate,O((a+boundary)*l),207.979492,calibrated_estimate,O((a+boundary)*l),20896,608000,267520000,268148896,O((a+boundary)*l) raw dispute evidence,accept
tag_vs_opening,tag_vs_opening-n50_d19000-n50-d19000-r3,50,19000,40,10,400,compact_vector_tag_main,tag,19798.037109,calibrated_estimate,O(a)+T_tag(l),19762.375000,calibrated_estimate,O(a)+T_tag(l),1728,608000,0,609728,O(a) tags plus one O(l) aggregate mask,accept
tag_vs_opening,tag_vs_opening-n50_d19000-n50-d19000-r3,50,19000,40,10,400,compact_vector_tag_main,open,208.591797,calibrated_estimate,O((a+boundary)*l),207.979492,calibrated_estimate,O((a+boundary)*l),20896,608000,267520000,268148896,O((a+boundary)*l) raw dispute evidence,accept
tag_vs_opening,tag_vs_opening-n50_d19000-n50-d19000-r4,50,19000,40,10,400,compact_vector_tag_main,tag,19810.876953,calibrated_estimate,O(a)+T_tag(l),19784.492188,calibrated_estimate,O(a)+T_tag(l),1728,608000,0,609728,O(a) tags plus one O(l) aggregate mask,accept
tag_vs_opening,tag_vs_opening-n50_d19000-n50-d19000-r4,50,19000,40,10,400,compact_vector_tag_main,open,208.387695,calibrated_estimate,O((a+boundary)*l),207.775391,calibrated_estimate,O((a+boundary)*l),20896,608000,267520000,268148896,O((a+boundary)*l) raw dispute evidence,accept
tag_vs_opening,tag_vs_opening-n50_d62000-n50-d62000-r0,50,62000,40,10,400,compact_vector_tag_main,tag,64513.179688,calibrated_estimate,O(a)+T_tag(l),64562.646484,calibrated_estimate,O(a)+T_tag(l),1728,1984000,0,1985728,O(a) tags plus one O(l) aggregate mask,accept
tag_vs_opening,tag_vs_opening-n50_d62000-n50-d62000-r0,50,62000,40,10,400,compact_vector_tag_main,open,682.666016,calibrated_estimate,O((a+boundary)*l),678.669922,calibrated_estimate,O((a+boundary)*l),20896,1984000,872960000,874964896,O((a+boundary)*l) raw dispute evidence,accept
tag_vs_opening,tag_vs_opening-n50_d62000-n50-d62000-r1,50,62000,40,10,400,compact_vector_tag_main,tag,64546.117188,calibrated_estimate,O(a)+T_tag(l),64582.626953,calibrated_estimate,O(a)+T_tag(l),1728,1984000,0,1985728,O(a) tags plus one O(l) aggregate mask,accept
tag_vs_opening,tag_vs_opening-n50_d62000-n50-d62000-r1,50,62000,40,10,400,compact_vector_tag_main,open,680.667969,calibrated_estimate,O((a+boundary)*l),678.003906,calibrated_estimate,O((a+boundary)*l),20896,1984000,872960000,874964896,O((a+boundary)*l) raw dispute evidence,accept
tag_vs_opening,tag_vs_opening-n50_d62000-n50-d62000-r2,50,62000,40,10,400,compact_vector_tag_main,tag,64634.152344,calibrated_estimate,O(a)+T_tag(l),64731.390625,calibrated_estimate,O(a)+T_tag(l),1728,1984000,0,1985728,O(a) tags plus one O(l) aggregate mask,accept
tag_vs_opening,tag_vs_opening-n50_d62000-n50-d62000-r2,50,62000,40,10,400,compact_vector_tag_main,open,680.667969,calibrated_estimate,O((a+boundary)*l),678.003906,calibrated_estimate,O((a+boundary)*l),20896,1984000,872960000,874964896,O((a+boundary)*l) raw dispute evidence,accept
tag_vs_opening,tag_vs_opening-n50_d62000-n50-d62000-r3,50,62000,40,10,400,compact_vector_tag_main,tag,64507.912109,calibrated_estimate,O(a)+T_tag(l),64661.580078,calibrated_estimate,O(a)+T_tag(l),1728,1984000,0,1985728,O(a) tags plus one O(l) aggregate mask,accept
tag_vs_opening,tag_vs_opening-n50_d62000-n50-d62000-r3,50,62000,40,10,400,compact_vector_tag_main,open,681.333984,calibrated_estimate,O((a+boundary)*l),678.669922,calibrated_estimate,O((a+boundary)*l),20896,1984000,872960000,874964896,O((a+boundary)*l) raw dispute evidence,accept
tag_vs_opening,tag_vs_opening-n50_d62000-n50-d62000-r4,50,62000,40,10,400,compact_vector_tag_main,tag,64375.919922,calibrated_estimate,O(a)+T_tag(l),64417.333984,calibrated_estimate,O(a)+T_tag(l),1728,1984000,0,1985728,O(a) tags plus one O(l) aggregate mask,accept
tag_vs_opening,tag_vs_opening-n50_d62000-n50-d62000-r4,50,62000,40,10,400,compact_vector_tag_main,open,681.333984,calibrated_estimate,O((a+boundary)*l),679.335938,calibrated_estimate,O((a+boundary)*l),20896,1984000,872960000,874964896,O((a+boundary)*l) raw dispute evidence,accept
tag_vs_opening,tag_vs_opening-n50_d273000-n50-d273000-r0,50,273000,40,10,400,compact_vector_tag_main,tag,283769.636719,calibrated_estimate,O(a)+T_tag(l),284366.557617,calibrated_estimate,O(a)+T_tag(l),1728,8736000,0,8737728,O(a) tags plus one O(l) aggregate mask,accept
tag_vs_opening,tag_vs_opening-n50_d273000-n50-d273000-r0,50,273000,40,10,400,compact_vector_tag_main,open,3290.396484,calibrated_estimate,O((a+boundary)*l),3164.293945,calibrated_estimate,O((a+boundary)*l),20896,8736000,3843840000,3852596896,O((a+boundary)*l) raw dispute evidence,accept
tag_vs_opening,tag_vs_opening-n50_d273000-n50-d273000-r1,50,273000,40,10,400,compact_vector_tag_main,tag,284230.057617,calibrated_estimate,O(a)+T_tag(l),283746.442383,calibrated_estimate,O(a)+T_tag(l),1728,8736000,0,8737728,O(a) tags plus one O(l) aggregate mask,accept
tag_vs_opening,tag_vs_opening-n50_d273000-n50-d273000-r1,50,273000,40,10,400,compact_vector_tag_main,open,2997.134766,calibrated_estimate,O((a+boundary)*l),2988.336914,calibrated_estimate,O((a+boundary)*l),20896,8736000,3843840000,3852596896,O((a+boundary)*l) raw dispute evidence,accept
tag_vs_opening,tag_vs_opening-n50_d273000-n50-d273000-r2,50,273000,40,10,400,compact_vector_tag_main,tag,284139.146484,calibrated_estimate,O(a)+T_tag(l),284599.034180,calibrated_estimate,O(a)+T_tag(l),1728,8736000,0,8737728,O(a) tags plus one O(l) aggregate mask,accept
tag_vs_opening,tag_vs_opening-n50_d273000-n50-d273000-r2,50,273000,40,10,400,compact_vector_tag_main,open,2991.269531,calibrated_estimate,O((a+boundary)*l),2988.336914,calibrated_estimate,O((a+boundary)*l),20896,8736000,3843840000,3852596896,O((a+boundary)*l) raw dispute evidence,accept
tag_vs_opening,tag_vs_opening-n50_d273000-n50-d273000-r3,50,273000,40,10,400,compact_vector_tag_main,tag,284546.513672,calibrated_estimate,O(a)+T_tag(l),284341.763672,calibrated_estimate,O(a)+T_tag(l),1728,8736000,0,8737728,O(a) tags plus one O(l) aggregate mask,accept
tag_vs_opening,tag_vs_opening-n50_d273000-n50-d273000-r3,50,273000,40,10,400,compact_vector_tag_main,open,2991.269531,calibrated_estimate,O((a+boundary)*l),2988.336914,calibrated_estimate,O((a+boundary)*l),20896,8736000,3843840000,3852596896,O((a+boundary)*l) raw dispute evidence,accept
tag_vs_opening,tag_vs_opening-n50_d273000-n50-d273000-r4,50,273000,40,10,400,compact_vector_tag_main,tag,284557.444336,calibrated_estimate,O(a)+T_tag(l),284287.910156,calibrated_estimate,O(a)+T_tag(l),1728,8736000,0,8737728,O(a) tags plus one O(l) aggregate mask,accept
tag_vs_opening,tag_vs_opening-n50_d273000-n50-d273000-r4,50,273000,40,10,400,compact_vector_tag_main,open,2997.134766,calibrated_estimate,O((a+boundary)*l),2988.336914,calibrated_estimate,O((a+boundary)*l),20896,8736000,3843840000,3852596896,O((a+boundary)*l) raw dispute evidence,accept
tag_vs_opening,tag_vs_opening-n50_d818000-n50-d818000-r0,50,818000,40,10,400,compact_vector_tag_main,tag,849270.126953,calibrated_estimate,O(a)+T_tag(l),850283.041016,calibrated_estimate,O(a)+T_tag(l),1728,26176000,0,26177728,O(a) tags plus one O(l) aggregate mask,accept
tag_vs_opening,tag_vs_opening-n50_d818000-n50-d818000-r0,50,818000,40,10,400,compact_vector_tag_main,open,8980.425781,calibrated_estimate,O((a+boundary)*l),8954.064453,calibrated_estimate,O((a+boundary)*l),20896,26176000,11517440000,11543636896,O((a+boundary)*l) raw dispute evidence,accept
tag_vs_opening,tag_vs_opening-n50_d818000-n50-d818000-r1,50,818000,40,10,400,compact_vector_tag_main,tag,851343.884766,calibrated_estimate,O(a)+T_tag(l),851847.945312,calibrated_estimate,O(a)+T_tag(l),1728,26176000,0,26177728,O(a) tags plus one O(l) aggregate mask,accept
tag_vs_opening,tag_vs_opening-n50_d818000-n50-d818000-r1,50,818000,40,10,400,compact_vector_tag_main,open,8980.425781,calibrated_estimate,O((a+boundary)*l),8945.277344,calibrated_estimate,O((a+boundary)*l),20896,26176000,11517440000,11543636896,O((a+boundary)*l) raw dispute evidence,accept
tag_vs_opening,tag_vs_opening-n50_d818000-n50-d818000-r2,50,818000,40,10,400,compact_vector_tag_main,tag,850931.689453,calibrated_estimate,O(a)+T_tag(l),851206.486328,calibrated_estimate,O(a)+T_tag(l),1728,26176000,0,26177728,O(a) tags plus one O(l) aggregate mask,accept
tag_vs_opening,tag_vs_opening-n50_d818000-n50-d818000-r2,50,818000,40,10,400,compact_vector_tag_main,open,9112.232422,calibrated_estimate,O((a+boundary)*l),8945.277344,calibrated_estimate,O((a+boundary)*l),20896,26176000,11517440000,11543636896,O((a+boundary)*l) raw dispute evidence,accept
tag_vs_opening,tag_vs_opening-n50_d818000-n50-d818000-r3,50,818000,40,10,400,compact_vector_tag_main,tag,865919.302734,calibrated_estimate,O(a)+T_tag(l),850156.027344,calibrated_estimate,O(a)+T_tag(l),1728,26176000,0,26177728,O(a) tags plus one O(l) aggregate mask,accept
tag_vs_opening,tag_vs_opening-n50_d818000-n50-d818000-r3,50,818000,40,10,400,compact_vector_tag_main,open,8787.109375,calibrated_estimate,O((a+boundary)*l),8760.748047,calibrated_estimate,O((a+boundary)*l),20896,26176000,11517440000,11543636896,O((a+boundary)*l) raw dispute evidence,accept
tag_vs_opening,tag_vs_opening-n50_d818000-n50-d818000-r4,50,818000,40,10,400,compact_vector_tag_main,tag,851781.642578,calibrated_estimate,O(a)+T_tag(l),850418.042969,calibrated_estimate,O(a)+T_tag(l),1728,26176000,0,26177728,O(a) tags plus one O(l) aggregate mask,accept
tag_vs_opening,tag_vs_opening-n50_d818000-n50-d818000-r4,50,818000,40,10,400,compact_vector_tag_main,open,8989.212891,calibrated_estimate,O((a+boundary)*l),8945.277344,calibrated_estimate,O((a+boundary)*l),20896,26176000,11517440000,11543636896,O((a+boundary)*l) raw dispute evidence,accept
tag_vs_opening,tag_vs_opening-n100_d19000-n100-d19000-r0,100,19000,80,20,1600,compact_vector_tag_main,tag,39620.789062,calibrated_estimate,O(a)+T_tag(l),39573.919922,calibrated_estimate,O(a)+T_tag(l),3328,608000,0,611328,O(a) tags plus one O(l) aggregate mask,accept
tag_vs_opening,tag_vs_opening-n100_d19000-n100-d19000-r0,100,19000,80,20,1600,compact_vector_tag_main,open,798.779297,calibrated_estimate,O((a+boundary)*l),956.197266,calibrated_estimate,O((a+boundary)*l),80096,608000,1021440000,1022128096,O((a+boundary)*l) raw dispute evidence,accept
tag_vs_opening,tag_vs_opening-n100_d19000-n100-d19000-r1,100,19000,80,20,1600,compact_vector_tag_main,tag,39555.810547,calibrated_estimate,O(a)+T_tag(l),39565.384766,calibrated_estimate,O(a)+T_tag(l),3328,608000,0,611328,O(a) tags plus one O(l) aggregate mask,accept
tag_vs_opening,tag_vs_opening-n100_d19000-n100-d19000-r1,100,19000,80,20,1600,compact_vector_tag_main,open,798.779297,calibrated_estimate,O((a+boundary)*l),794.103516,calibrated_estimate,O((a+boundary)*l),80096,608000,1021440000,1022128096,O((a+boundary)*l) raw dispute evidence,accept
tag_vs_opening,tag_vs_opening-n100_d19000-n100-d19000-r2,100,19000,80,20,1600,compact_vector_tag_main,tag,39556.441406,calibrated_estimate,O(a)+T_tag(l),39560.820312,calibrated_estimate,O(a)+T_tag(l),3328,608000,0,611328,O(a) tags plus one O(l) aggregate mask,accept
tag_vs_opening,tag_vs_opening-n100_d19000-n100-d19000-r2,100,19000,80,20,1600,compact_vector_tag_main,open,795.662109,calibrated_estimate,O((a+boundary)*l),794.103516,calibrated_estimate,O((a+boundary)*l),80096,608000,1021440000,1022128096,O((a+boundary)*l) raw dispute evidence,accept
tag_vs_opening,tag_vs_opening-n100_d19000-n100-d19000-r3,100,19000,80,20,1600,compact_vector_tag_main,tag,39505.044922,calibrated_estimate,O(a)+T_tag(l),39547.757812,calibrated_estimate,O(a)+T_tag(l),3328,608000,0,611328,O(a) tags plus one O(l) aggregate mask,accept
tag_vs_opening,tag_vs_opening-n100_d19000-n100-d19000-r3,100,19000,80,20,1600,compact_vector_tag_main,open,796.441406,calibrated_estimate,O((a+boundary)*l),794.103516,calibrated_estimate,O((a+boundary)*l),80096,608000,1021440000,1022128096,O((a+boundary)*l) raw dispute evidence,accept
tag_vs_opening,tag_vs_opening-n100_d19000-n100-d19000-r4,100,19000,80,20,1600,compact_vector_tag_main,tag,39486.007812,calibrated_estimate,O(a)+T_tag(l),40465.546875,calibrated_estimate,O(a)+T_tag(l),3328,608000,0,611328,O(a) tags plus one O(l) aggregate mask,accept
tag_vs_opening,tag_vs_opening-n100_d19000-n100-d19000-r4,100,19000,80,20,1600,compact_vector_tag_main,open,796.441406,calibrated_estimate,O((a+boundary)*l),794.103516,calibrated_estimate,O((a+boundary)*l),80096,608000,1021440000,1022128096,O((a+boundary)*l) raw dispute evidence,accept
tag_vs_opening,tag_vs_opening-n100_d62000-n100-d62000-r0,100,62000,80,20,1600,compact_vector_tag_main,tag,129114.878906,calibrated_estimate,O(a)+T_tag(l),128084.250000,calibrated_estimate,O(a)+T_tag(l),3328,1984000,0,1987328,O(a) tags plus one O(l) aggregate mask,accept
tag_vs_opening,tag_vs_opening-n100_d62000-n100-d62000-r0,100,62000,80,20,1600,compact_vector_tag_main,open,2596.371094,calibrated_estimate,O((a+boundary)*l),2591.285156,calibrated_estimate,O((a+boundary)*l),80096,1984000,3333120000,3335184096,O((a+boundary)*l) raw dispute evidence,accept
tag_vs_opening,tag_vs_opening-n100_d62000-n100-d62000-r1,100,62000,80,20,1600,compact_vector_tag_main,tag,128931.058594,calibrated_estimate,O(a)+T_tag(l),129056.027344,calibrated_estimate,O(a)+T_tag(l),3328,1984000,0,1987328,O(a) tags plus one O(l) aggregate mask,accept
tag_vs_opening,tag_vs_opening-n100_d62000-n100-d62000-r1,100,62000,80,20,1600,compact_vector_tag_main,open,2596.371094,calibrated_estimate,O((a+boundary)*l),2591.285156,calibrated_estimate,O((a+boundary)*l),80096,1984000,3333120000,3335184096,O((a+boundary)*l) raw dispute evidence,accept
tag_vs_opening,tag_vs_opening-n100_d62000-n100-d62000-r2,100,62000,80,20,1600,compact_vector_tag_main,tag,129578.910156,calibrated_estimate,O(a)+T_tag(l),129133.648438,calibrated_estimate,O(a)+T_tag(l),3328,1984000,0,1987328,O(a) tags plus one O(l) aggregate mask,accept
tag_vs_opening,tag_vs_opening-n100_d62000-n100-d62000-r2,100,62000,80,20,1600,compact_vector_tag_main,open,2601.457031,calibrated_estimate,O((a+boundary)*l),2591.285156,calibrated_estimate,O((a+boundary)*l),80096,1984000,3333120000,3335184096,O((a+boundary)*l) raw dispute evidence,accept
tag_vs_opening,tag_vs_opening-n100_d62000-n100-d62000-r3,100,62000,80,20,1600,compact_vector_tag_main,tag,128717.933594,calibrated_estimate,O(a)+T_tag(l),128979.859375,calibrated_estimate,O(a)+T_tag(l),3328,1984000,0,1987328,O(a) tags plus one O(l) aggregate mask,accept
tag_vs_opening,tag_vs_opening-n100_d62000-n100-d62000-r3,100,62000,80,20,1600,compact_vector_tag_main,open,2593.828125,calibrated_estimate,O((a+boundary)*l),2588.742187,calibrated_estimate,O((a+boundary)*l),80096,1984000,3333120000,3335184096,O((a+boundary)*l) raw dispute evidence,accept
tag_vs_opening,tag_vs_opening-n100_d62000-n100-d62000-r4,100,62000,80,20,1600,compact_vector_tag_main,tag,129802.328125,calibrated_estimate,O(a)+T_tag(l),129244.085938,calibrated_estimate,O(a)+T_tag(l),3328,1984000,0,1987328,O(a) tags plus one O(l) aggregate mask,accept
tag_vs_opening,tag_vs_opening-n100_d62000-n100-d62000-r4,100,62000,80,20,1600,compact_vector_tag_main,open,2598.914062,calibrated_estimate,O((a+boundary)*l),2591.285156,calibrated_estimate,O((a+boundary)*l),80096,1984000,3333120000,3335184096,O((a+boundary)*l) raw dispute evidence,accept
tag_vs_opening,tag_vs_opening-n100_d273000-n100-d273000-r0,100,273000,80,20,1600,compact_vector_tag_main,tag,564915.914062,calibrated_estimate,O(a)+T_tag(l),567548.871094,calibrated_estimate,O(a)+T_tag(l),3328,8736000,0,8739328,O(a) tags plus one O(l) aggregate mask,accept
tag_vs_opening,tag_vs_opening-n100_d273000-n100-d273000-r0,100,273000,80,20,1600,compact_vector_tag_main,open,11555.578125,calibrated_estimate,O((a+boundary)*l),11410.013672,calibrated_estimate,O((a+boundary)*l),80096,8736000,14676480000,14685296096,O((a+boundary)*l) raw dispute evidence,accept
tag_vs_opening,tag_vs_opening-n100_d273000-n100-d273000-r1,100,273000,80,20,1600,compact_vector_tag_main,tag,568960.792969,calibrated_estimate,O(a)+T_tag(l),592810.968750,calibrated_estimate,O(a)+T_tag(l),3328,8736000,0,8739328,O(a) tags plus one O(l) aggregate mask,accept
tag_vs_opening,tag_vs_opening-n100_d273000-n100-d273000-r1,100,273000,80,20,1600,compact_vector_tag_main,open,11454.802734,calibrated_estimate,O((a+boundary)*l),11410.013672,calibrated_estimate,O((a+boundary)*l),80096,8736000,14676480000,14685296096,O((a+boundary)*l) raw dispute evidence,accept
tag_vs_opening,tag_vs_opening-n100_d273000-n100-d273000-r2,100,273000,80,20,1600,compact_vector_tag_main,tag,569191.669922,calibrated_estimate,O(a)+T_tag(l),569851.242188,calibrated_estimate,O(a)+T_tag(l),3328,8736000,0,8739328,O(a) tags plus one O(l) aggregate mask,accept
tag_vs_opening,tag_vs_opening-n100_d273000-n100-d273000-r2,100,273000,80,20,1600,compact_vector_tag_main,open,11645.156250,calibrated_estimate,O((a+boundary)*l),11398.816406,calibrated_estimate,O((a+boundary)*l),80096,8736000,14676480000,14685296096,O((a+boundary)*l) raw dispute evidence,accept
tag_vs_opening,tag_vs_opening-n100_d273000-n100-d273000-r3,100,273000,80,20,1600,compact_vector_tag_main,tag,568720.318359,calibrated_estimate,O(a)+T_tag(l),569175.140625,calibrated_estimate,O(a)+T_tag(l),3328,8736000,0,8739328,O(a) tags plus one O(l) aggregate mask,accept
tag_vs_opening,tag_vs_opening-n100_d273000-n100-d273000-r3,100,273000,80,20,1600,compact_vector_tag_main,open,11443.605469,calibrated_estimate,O((a+boundary)*l),11410.013672,calibrated_estimate,O((a+boundary)*l),80096,8736000,14676480000,14685296096,O((a+boundary)*l) raw dispute evidence,accept
tag_vs_opening,tag_vs_opening-n100_d273000-n100-d273000-r4,100,273000,80,20,1600,compact_vector_tag_main,tag,568966.658203,calibrated_estimate,O(a)+T_tag(l),567275.871094,calibrated_estimate,O(a)+T_tag(l),3328,8736000,0,8739328,O(a) tags plus one O(l) aggregate mask,accept
tag_vs_opening,tag_vs_opening-n100_d273000-n100-d273000-r4,100,273000,80,20,1600,compact_vector_tag_main,open,11443.605469,calibrated_estimate,O((a+boundary)*l),11410.013672,calibrated_estimate,O((a+boundary)*l),80096,8736000,14676480000,14685296096,O((a+boundary)*l) raw dispute evidence,accept
tag_vs_opening,tag_vs_opening-n100_d818000-n100-d818000-r0,100,818000,80,20,1600,compact_vector_tag_main,tag,1701157.214844,calibrated_estimate,O(a)+T_tag(l),1699343.875000,calibrated_estimate,O(a)+T_tag(l),3328,26176000,0,26179328,O(a) tags plus one O(l) aggregate mask,accept
tag_vs_opening,tag_vs_opening-n100_d818000-n100-d818000-r0,100,818000,80,20,1600,compact_vector_tag_main,open,34288.898438,calibrated_estimate,O((a+boundary)*l),34188.246094,calibrated_estimate,O((a+boundary)*l),80096,26176000,43975680000,44001936096,O((a+boundary)*l) raw dispute evidence,accept
tag_vs_opening,tag_vs_opening-n100_d818000-n100-d818000-r1,100,818000,80,20,1600,compact_vector_tag_main,tag,1699147.363281,calibrated_estimate,O(a)+T_tag(l),1699676.187500,calibrated_estimate,O(a)+T_tag(l),3328,26176000,0,26179328,O(a) tags plus one O(l) aggregate mask,accept
tag_vs_opening,tag_vs_opening-n100_d818000-n100-d818000-r1,100,818000,80,20,1600,compact_vector_tag_main,open,34188.246094,calibrated_estimate,O((a+boundary)*l),34188.246094,calibrated_estimate,O((a+boundary)*l),80096,26176000,43975680000,44001936096,O((a+boundary)*l) raw dispute evidence,accept
tag_vs_opening,tag_vs_opening-n100_d818000-n100-d818000-r2,100,818000,80,20,1600,compact_vector_tag_main,tag,1696984.136719,calibrated_estimate,O(a)+T_tag(l),1687867.910156,calibrated_estimate,O(a)+T_tag(l),3328,26176000,0,26179328,O(a) tags plus one O(l) aggregate mask,accept
tag_vs_opening,tag_vs_opening-n100_d818000-n100-d818000-r2,100,818000,80,20,1600,compact_vector_tag_main,open,34423.101562,calibrated_estimate,O((a+boundary)*l),34154.695312,calibrated_estimate,O((a+boundary)*l),80096,26176000,43975680000,44001936096,O((a+boundary)*l) raw dispute evidence,accept
tag_vs_opening,tag_vs_opening-n100_d818000-n100-d818000-r3,100,818000,80,20,1600,compact_vector_tag_main,tag,1702452.914062,calibrated_estimate,O(a)+T_tag(l),1705367.039062,calibrated_estimate,O(a)+T_tag(l),3328,26176000,0,26179328,O(a) tags plus one O(l) aggregate mask,accept
tag_vs_opening,tag_vs_opening-n100_d818000-n100-d818000-r3,100,818000,80,20,1600,compact_vector_tag_main,open,34255.347656,calibrated_estimate,O((a+boundary)*l),34154.695312,calibrated_estimate,O((a+boundary)*l),80096,26176000,43975680000,44001936096,O((a+boundary)*l) raw dispute evidence,accept
tag_vs_opening,tag_vs_opening-n100_d818000-n100-d818000-r4,100,818000,80,20,1600,compact_vector_tag_main,tag,1701142.835938,calibrated_estimate,O(a)+T_tag(l),1702467.292969,calibrated_estimate,O(a)+T_tag(l),3328,26176000,0,26179328,O(a) tags plus one O(l) aggregate mask,accept
tag_vs_opening,tag_vs_opening-n100_d818000-n100-d818000-r4,100,818000,80,20,1600,compact_vector_tag_main,open,34288.898438,calibrated_estimate,O((a+boundary)*l),34188.246094,calibrated_estimate,O((a+boundary)*l),80096,26176000,43975680000,44001936096,O((a+boundary)*l) raw dispute evidence,accept
tag_vs_opening,tag_vs_opening-n200_d19000-n200-d19000-r0,200,19000,160,40,6400,compact_vector_tag_main,tag,79172.257812,calibrated_estimate,O(a)+T_tag(l),79130.101562,calibrated_estimate,O(a)+T_tag(l),6528,608000,0,614528,O(a) tags plus one O(l) aggregate mask,accept
tag_vs_opening,tag_vs_opening-n200_d19000-n200-d19000-r0,200,19000,160,40,6400,compact_vector_tag_main,open,3103.828125,calibrated_estimate,O((a+boundary)*l),3100.785156,calibrated_estimate,O((a+boundary)*l),313696,608000,3988480000,3989401696,O((a+boundary)*l) raw dispute evidence,accept
tag_vs_opening,tag_vs_opening-n200_d19000-n200-d19000-r1,200,19000,160,40,6400,compact_vector_tag_main,tag,78879.835938,calibrated_estimate,O(a)+T_tag(l),78758.042969,calibrated_estimate,O(a)+T_tag(l),6528,608000,0,614528,O(a) tags plus one O(l) aggregate mask,accept
tag_vs_opening,tag_vs_opening-n200_d19000-n200-d19000-r1,200,19000,160,40,6400,compact_vector_tag_main,open,3109.914062,calibrated_estimate,O((a+boundary)*l),3097.742187,calibrated_estimate,O((a+boundary)*l),313696,608000,3988480000,3989401696,O((a+boundary)*l) raw dispute evidence,accept
tag_vs_opening,tag_vs_opening-n200_d19000-n200-d19000-r2,200,19000,160,40,6400,compact_vector_tag_main,tag,79151.921875,calibrated_estimate,O(a)+T_tag(l),79128.839844,calibrated_estimate,O(a)+T_tag(l),6528,608000,0,614528,O(a) tags plus one O(l) aggregate mask,accept
tag_vs_opening,tag_vs_opening-n200_d19000-n200-d19000-r2,200,19000,160,40,6400,compact_vector_tag_main,open,3109.914062,calibrated_estimate,O((a+boundary)*l),3125.128906,calibrated_estimate,O((a+boundary)*l),313696,608000,3988480000,3989401696,O((a+boundary)*l) raw dispute evidence,accept
tag_vs_opening,tag_vs_opening-n200_d19000-n200-d19000-r3,200,19000,160,40,6400,compact_vector_tag_main,tag,79196.675781,calibrated_estimate,O(a)+T_tag(l),79137.523438,calibrated_estimate,O(a)+T_tag(l),6528,608000,0,614528,O(a) tags plus one O(l) aggregate mask,accept
tag_vs_opening,tag_vs_opening-n200_d19000-n200-d19000-r3,200,19000,160,40,6400,compact_vector_tag_main,open,3106.871094,calibrated_estimate,O((a+boundary)*l),3100.785156,calibrated_estimate,O((a+boundary)*l),313696,608000,3988480000,3989401696,O((a+boundary)*l) raw dispute evidence,accept
tag_vs_opening,tag_vs_opening-n200_d19000-n200-d19000-r4,200,19000,160,40,6400,compact_vector_tag_main,tag,79242.617188,calibrated_estimate,O(a)+T_tag(l),79213.746094,calibrated_estimate,O(a)+T_tag(l),6528,608000,0,614528,O(a) tags plus one O(l) aggregate mask,accept
tag_vs_opening,tag_vs_opening-n200_d19000-n200-d19000-r4,200,19000,160,40,6400,compact_vector_tag_main,open,3167.730469,calibrated_estimate,O((a+boundary)*l),3100.785156,calibrated_estimate,O((a+boundary)*l),313696,608000,3988480000,3989401696,O((a+boundary)*l) raw dispute evidence,accept
tag_vs_opening,tag_vs_opening-n200_d62000-n200-d62000-r0,200,62000,160,40,6400,compact_vector_tag_main,tag,259379.664063,calibrated_estimate,O(a)+T_tag(l),258401.710937,calibrated_estimate,O(a)+T_tag(l),6528,1984000,0,1990528,O(a) tags plus one O(l) aggregate mask,accept
tag_vs_opening,tag_vs_opening-n200_d62000-n200-d62000-r0,200,62000,160,40,6400,compact_vector_tag_main,open,10118.351562,calibrated_estimate,O((a+boundary)*l),10118.351562,calibrated_estimate,O((a+boundary)*l),313696,1984000,13015040000,13017337696,O((a+boundary)*l) raw dispute evidence,accept
tag_vs_opening,tag_vs_opening-n200_d62000-n200-d62000-r1,200,62000,160,40,6400,compact_vector_tag_main,tag,258734.476562,calibrated_estimate,O(a)+T_tag(l),258523.531250,calibrated_estimate,O(a)+T_tag(l),6528,1984000,0,1990528,O(a) tags plus one O(l) aggregate mask,accept
tag_vs_opening,tag_vs_opening-n200_d62000-n200-d62000-r1,200,62000,160,40,6400,compact_vector_tag_main,open,10138.210938,calibrated_estimate,O((a+boundary)*l),10108.421875,calibrated_estimate,O((a+boundary)*l),313696,1984000,13015040000,13017337696,O((a+boundary)*l) raw dispute evidence,accept
tag_vs_opening,tag_vs_opening-n200_d62000-n200-d62000-r2,200,62000,160,40,6400,compact_vector_tag_main,tag,258579.476562,calibrated_estimate,O(a)+T_tag(l),258281.343750,calibrated_estimate,O(a)+T_tag(l),6528,1984000,0,1990528,O(a) tags plus one O(l) aggregate mask,accept
tag_vs_opening,tag_vs_opening-n200_d62000-n200-d62000-r2,200,62000,160,40,6400,compact_vector_tag_main,open,10148.140625,calibrated_estimate,O((a+boundary)*l),10118.351562,calibrated_estimate,O((a+boundary)*l),313696,1984000,13015040000,13017337696,O((a+boundary)*l) raw dispute evidence,accept
tag_vs_opening,tag_vs_opening-n200_d62000-n200-d62000-r3,200,62000,160,40,6400,compact_vector_tag_main,tag,261019.515625,calibrated_estimate,O(a)+T_tag(l),258783.882812,calibrated_estimate,O(a)+T_tag(l),6528,1984000,0,1990528,O(a) tags plus one O(l) aggregate mask,accept
tag_vs_opening,tag_vs_opening-n200_d62000-n200-d62000-r3,200,62000,160,40,6400,compact_vector_tag_main,open,10148.140625,calibrated_estimate,O((a+boundary)*l),10118.351562,calibrated_estimate,O((a+boundary)*l),313696,1984000,13015040000,13017337696,O((a+boundary)*l) raw dispute evidence,accept
tag_vs_opening,tag_vs_opening-n200_d62000-n200-d62000-r4,200,62000,160,40,6400,compact_vector_tag_main,tag,258569.062500,calibrated_estimate,O(a)+T_tag(l),258157.585938,calibrated_estimate,O(a)+T_tag(l),6528,1984000,0,1990528,O(a) tags plus one O(l) aggregate mask,accept
tag_vs_opening,tag_vs_opening-n200_d62000-n200-d62000-r4,200,62000,160,40,6400,compact_vector_tag_main,open,10177.929688,calibrated_estimate,O((a+boundary)*l),10118.351562,calibrated_estimate,O((a+boundary)*l),313696,1984000,13015040000,13017337696,O((a+boundary)*l) raw dispute evidence,accept
tag_vs_opening,tag_vs_opening-n200_d273000-n200-d273000-r0,200,273000,160,40,6400,compact_vector_tag_main,tag,1137902.390625,calibrated_estimate,O(a)+T_tag(l),1138058.085938,calibrated_estimate,O(a)+T_tag(l),6528,8736000,0,8742528,O(a) tags plus one O(l) aggregate mask,accept
tag_vs_opening,tag_vs_opening-n200_d273000-n200-d273000-r0,200,273000,160,40,6400,compact_vector_tag_main,open,44597.109375,calibrated_estimate,O((a+boundary)*l),44553.386719,calibrated_estimate,O((a+boundary)*l),313696,8736000,57308160000,57317209696,O((a+boundary)*l) raw dispute evidence,accept
tag_vs_opening,tag_vs_opening-n200_d273000-n200-d273000-r1,200,273000,160,40,6400,compact_vector_tag_main,tag,1137689.109375,calibrated_estimate,O(a)+T_tag(l),1136130.023438,calibrated_estimate,O(a)+T_tag(l),6528,8736000,0,8742528,O(a) tags plus one O(l) aggregate mask,accept
tag_vs_opening,tag_vs_opening-n200_d273000-n200-d273000-r1,200,273000,160,40,6400,compact_vector_tag_main,open,44684.554688,calibrated_estimate,O((a+boundary)*l),44509.664062,calibrated_estimate,O((a+boundary)*l),313696,8736000,57308160000,57317209696,O((a+boundary)*l) raw dispute evidence,accept
tag_vs_opening,tag_vs_opening-n200_d273000-n200-d273000-r2,200,273000,160,40,6400,compact_vector_tag_main,tag,1139274.855469,calibrated_estimate,O(a)+T_tag(l),1138355.613281,calibrated_estimate,O(a)+T_tag(l),6528,8736000,0,8742528,O(a) tags plus one O(l) aggregate mask,accept
tag_vs_opening,tag_vs_opening-n200_d273000-n200-d273000-r2,200,273000,160,40,6400,compact_vector_tag_main,open,44684.554688,calibrated_estimate,O((a+boundary)*l),44553.386719,calibrated_estimate,O((a+boundary)*l),313696,8736000,57308160000,57317209696,O((a+boundary)*l) raw dispute evidence,accept
tag_vs_opening,tag_vs_opening-n200_d273000-n200-d273000-r3,200,273000,160,40,6400,compact_vector_tag_main,tag,1139676.890625,calibrated_estimate,O(a)+T_tag(l),1139108.496094,calibrated_estimate,O(a)+T_tag(l),6528,8736000,0,8742528,O(a) tags plus one O(l) aggregate mask,accept
tag_vs_opening,tag_vs_opening-n200_d273000-n200-d273000-r3,200,273000,160,40,6400,compact_vector_tag_main,open,44640.832031,calibrated_estimate,O((a+boundary)*l),44553.386719,calibrated_estimate,O((a+boundary)*l),313696,8736000,57308160000,57317209696,O((a+boundary)*l) raw dispute evidence,accept
tag_vs_opening,tag_vs_opening-n200_d273000-n200-d273000-r4,200,273000,160,40,6400,compact_vector_tag_main,tag,1139599.042969,calibrated_estimate,O(a)+T_tag(l),1141579.359375,calibrated_estimate,O(a)+T_tag(l),6528,8736000,0,8742528,O(a) tags plus one O(l) aggregate mask,accept
tag_vs_opening,tag_vs_opening-n200_d273000-n200-d273000-r4,200,273000,160,40,6400,compact_vector_tag_main,open,44684.554688,calibrated_estimate,O((a+boundary)*l),45296.671875,calibrated_estimate,O((a+boundary)*l),313696,8736000,57308160000,57317209696,O((a+boundary)*l) raw dispute evidence,accept
tag_vs_opening,tag_vs_opening-n200_d818000-n200-d818000-r0,200,818000,160,40,6400,compact_vector_tag_main,tag,3409203.523438,calibrated_estimate,O(a)+T_tag(l),3413523.585938,calibrated_estimate,O(a)+T_tag(l),6528,26176000,0,26182528,O(a) tags plus one O(l) aggregate mask,accept
tag_vs_opening,tag_vs_opening-n200_d818000-n200-d818000-r0,200,818000,160,40,6400,compact_vector_tag_main,open,134152.000000,calibrated_estimate,O((a+boundary)*l),136117.117188,calibrated_estimate,O((a+boundary)*l),313696,26176000,171714560000,171741049696,O((a+boundary)*l) raw dispute evidence,accept
tag_vs_opening,tag_vs_opening-n200_d818000-n200-d818000-r1,200,818000,160,40,6400,compact_vector_tag_main,tag,3414373.539062,calibrated_estimate,O(a)+T_tag(l),3398115.789062,calibrated_estimate,O(a)+T_tag(l),6528,26176000,0,26182528,O(a) tags plus one O(l) aggregate mask,accept
tag_vs_opening,tag_vs_opening-n200_d818000-n200-d818000-r1,200,818000,160,40,6400,compact_vector_tag_main,open,133889.984375,calibrated_estimate,O((a+boundary)*l),133496.960938,calibrated_estimate,O((a+boundary)*l),313696,26176000,171714560000,171741049696,O((a+boundary)*l) raw dispute evidence,accept
tag_vs_opening,tag_vs_opening-n200_d818000-n200-d818000-r2,200,818000,160,40,6400,compact_vector_tag_main,tag,3399240.539062,calibrated_estimate,O(a)+T_tag(l),3390012.476562,calibrated_estimate,O(a)+T_tag(l),6528,26176000,0,26182528,O(a) tags plus one O(l) aggregate mask,accept
tag_vs_opening,tag_vs_opening-n200_d818000-n200-d818000-r2,200,818000,160,40,6400,compact_vector_tag_main,open,133758.976562,calibrated_estimate,O((a+boundary)*l),133496.960938,calibrated_estimate,O((a+boundary)*l),313696,26176000,171714560000,171741049696,O((a+boundary)*l) raw dispute evidence,accept
tag_vs_opening,tag_vs_opening-n200_d818000-n200-d818000-r3,200,818000,160,40,6400,compact_vector_tag_main,tag,3403014.203125,calibrated_estimate,O(a)+T_tag(l),3398869.882812,calibrated_estimate,O(a)+T_tag(l),6528,26176000,0,26182528,O(a) tags plus one O(l) aggregate mask,accept
tag_vs_opening,tag_vs_opening-n200_d818000-n200-d818000-r3,200,818000,160,40,6400,compact_vector_tag_main,open,133889.984375,calibrated_estimate,O((a+boundary)*l),133496.960938,calibrated_estimate,O((a+boundary)*l),313696,26176000,171714560000,171741049696,O((a+boundary)*l) raw dispute evidence,accept
tag_vs_opening,tag_vs_opening-n200_d818000-n200-d818000-r4,200,818000,160,40,6400,compact_vector_tag_main,tag,3400116.054688,calibrated_estimate,O(a)+T_tag(l),3402413.484375,calibrated_estimate,O(a)+T_tag(l),6528,26176000,0,26182528,O(a) tags plus one O(l) aggregate mask,accept
tag_vs_opening,tag_vs_opening-n200_d818000-n200-d818000-r4,200,818000,160,40,6400,compact_vector_tag_main,open,133758.976562,calibrated_estimate,O((a+boundary)*l),133496.960938,calibrated_estimate,O((a+boundary)*l),313696,26176000,171714560000,171741049696,O((a+boundary)*l) raw dispute evidence,accept
