scheme,source,value_source,dataset,dimension,predicate,operation,value,value_std,unit,scope,backend,n_selected,case_name,notes,citation_key,status
AVSA,measured_avsa,measured_avsa,small,64,q_inf,client_prove_time_per_client,0.248968,0,seconds,per_client,bulletproofs,8,small,Derived from AVSA benchmark CSVs,,measured
AVSA,measured_avsa,measured_avsa,small,64,q_inf,server_verify_time_per_client,0.0487794,0,seconds,per_client,bulletproofs,8,small,Derived from AVSA benchmark CSVs,,measured
AVSA,measured_avsa,measured_avsa,small,64,q_inf,bandwidth_per_client,3.00781,0,KB,per_client,bulletproofs,8,small,Derived from AVSA benchmark CSVs,,measured
AVSA,measured_avsa,measured_avsa,small,64,q_2,client_prove_time_per_client,0.0167268,0,seconds,per_client,bulletproofs,8,small,Derived from AVSA benchmark CSVs,,measured
AVSA,measured_avsa,measured_avsa,small,64,q_2,server_verify_time_per_client,0.00777468,0,seconds,per_client,bulletproofs,8,small,Derived from AVSA benchmark CSVs,,measured
AVSA,measured_avsa,measured_avsa,small,64,q_2,bandwidth_per_client,6.85156,0,KB,per_client,bulletproofs,8,small,Derived from AVSA benchmark CSVs,,measured
AVSA,measured_avsa,measured_avsa,smoke,8,q_inf,client_prove_time_per_client,0.020613,0,seconds,per_client,bulletproofs,16,smoke,Derived from AVSA benchmark CSVs,,measured
AVSA,measured_avsa,measured_avsa,smoke,8,q_inf,server_verify_time_per_client,0.00407893,0,seconds,per_client,bulletproofs,16,smoke,Derived from AVSA benchmark CSVs,,measured
AVSA,measured_avsa,measured_avsa,smoke,8,q_inf,bandwidth_per_client,1.00781,0,KB,per_client,bulletproofs,16,smoke,Derived from AVSA benchmark CSVs,,measured
AVSA,measured_avsa,measured_avsa,smoke,8,q_2,client_prove_time_per_client,0.00616173,0,seconds,per_client,bulletproofs,16,smoke,Derived from AVSA benchmark CSVs,,measured
AVSA,measured_avsa,measured_avsa,smoke,8,q_2,server_verify_time_per_client,0.00217773,0,seconds,per_client,bulletproofs,16,smoke,Derived from AVSA benchmark CSVs,,measured
AVSA,measured_avsa,measured_avsa,smoke,8,q_2,bandwidth_per_client,1.53906,0,KB,per_client,bulletproofs,16,smoke,Derived from AVSA benchmark CSVs,,measured
AVSA,measured_avsa,measured_avsa,smoke,8,q_inf,client_prove_time_per_client,0.020613,0,seconds,per_client,bulletproofs,4,smoke,Derived from AVSA benchmark CSVs,,measured
AVSA,measured_avsa,measured_avsa,smoke,8,q_inf,server_verify_time_per_client,0.00407893,0,seconds,per_client,bulletproofs,4,smoke,Derived from AVSA benchmark CSVs,,measured
AVSA,measured_avsa,measured_avsa,smoke,8,q_inf,bandwidth_per_client,1.00781,0,KB,per_client,bulletproofs,4,smoke,Derived from AVSA benchmark CSVs,,measured
AVSA,measured_avsa,measured_avsa,smoke,8,q_2,client_prove_time_per_client,0.00616173,0,seconds,per_client,bulletproofs,4,smoke,Derived from AVSA benchmark CSVs,,measured
AVSA,measured_avsa,measured_avsa,smoke,8,q_2,server_verify_time_per_client,0.00217773,0,seconds,per_client,bulletproofs,4,smoke,Derived from AVSA benchmark CSVs,,measured
AVSA,measured_avsa,measured_avsa,smoke,8,q_2,bandwidth_per_client,1.53906,0,KB,per_client,bulletproofs,4,smoke,Derived from AVSA benchmark CSVs,,measured
