backend,case_name,base_case_name,dim,n_selected,n_admitted,n_dropped,n_rejected,component,operation,mean_ms,std_ms,model,value_source
bulletproofs,derived_n8_d64,small,64,8,7,1,0,aggregate,verify_aggregate_certificate,883.407,0,measured_per_client_aggregate_audit_terms,derived_linear_model
bulletproofs,derived_n8_d64,small,64,8,7,1,0,appeal,verify_appeal,121.409,0,measured_per_client_times_n_admitted,derived_linear_model
bulletproofs,derived_n8_d64,small,64,8,7,1,0,commit,commit_vector,26.4509,0,measured_per_client_times_n_selected,derived_linear_model
bulletproofs,derived_n8_d64,small,64,8,7,1,0,decision,verify_accepted_decision,100.292,0,measured_per_client_times_n_admitted,derived_linear_model
bulletproofs,derived_n8_d64,small,64,8,7,1,0,l2,l2_prove,117.088,0,measured_per_client_times_n_admitted,derived_linear_model
bulletproofs,derived_n8_d64,small,64,8,7,1,0,l2,l2_verify,54.4228,0,measured_per_client_times_n_admitted,derived_linear_model
bulletproofs,derived_n8_d64,small,64,8,7,1,0,mask,mask_tag_generation,118.739,0,measured_per_client_times_n_selected,derived_linear_model
bulletproofs,derived_n8_d64,small,64,8,7,1,0,mask,verify_mask_certificate,355.893,0,linearized_self_plus_boundary_mask_terms,derived_linear_model
bulletproofs,derived_n8_d64,small,64,8,7,1,0,range,signed_range_prove,1742.78,0,measured_per_client_times_n_admitted,derived_linear_model
bulletproofs,derived_n8_d64,small,64,8,7,1,0,range,signed_range_verify,341.456,0,measured_per_client_times_n_admitted,derived_linear_model
bulletproofs,derived_n8_d64,small,64,8,7,1,0,receipt,receipt_verify,23.6264,0,measured_per_client_times_n_selected,derived_linear_model
bulletproofs,derived_n8_d64,small,64,8,7,1,0,setup,round_generation,19273,0,measured_per_client_times_n_selected,derived_linear_model
bulletproofs,derived_n8_d64,small,64,8,7,1,0,submit,submit_prove,63.3,0,measured_per_client_times_n_selected,derived_linear_model
bulletproofs,derived_n8_d64,small,64,8,7,1,0,submit,submit_verify,90.724,0,measured_per_client_times_n_selected,derived_linear_model
bulletproofs,derived_n8_d64,small,64,8,7,1,0,transcript,membership_verify,20.6996,0,measured_per_client_times_n_admitted,derived_linear_model
bulletproofs,derived_n8_d64,small,64,8,7,1,0,transcript,transcript_root_build,189.314,0,measured_per_client_times_n_selected,derived_linear_model
bulletproofs,derived_n8_d64,small,64,8,7,1,0,pipeline,honest_full_audit_pipeline,1870.52,0,linearized_verifier_sum,derived_linear_model
bulletproofs,derived_n16_d64,small,64,16,14,2,0,aggregate,verify_aggregate_certificate,1766.81,0,measured_per_client_aggregate_audit_terms,derived_linear_model
bulletproofs,derived_n16_d64,small,64,16,14,2,0,appeal,verify_appeal,242.819,0,measured_per_client_times_n_admitted,derived_linear_model
bulletproofs,derived_n16_d64,small,64,16,14,2,0,commit,commit_vector,52.9018,0,measured_per_client_times_n_selected,derived_linear_model
bulletproofs,derived_n16_d64,small,64,16,14,2,0,decision,verify_accepted_decision,200.584,0,measured_per_client_times_n_admitted,derived_linear_model
bulletproofs,derived_n16_d64,small,64,16,14,2,0,l2,l2_prove,234.175,0,measured_per_client_times_n_admitted,derived_linear_model
bulletproofs,derived_n16_d64,small,64,16,14,2,0,l2,l2_verify,108.846,0,measured_per_client_times_n_admitted,derived_linear_model
bulletproofs,derived_n16_d64,small,64,16,14,2,0,mask,mask_tag_generation,237.478,0,measured_per_client_times_n_selected,derived_linear_model
bulletproofs,derived_n16_d64,small,64,16,14,2,0,mask,verify_mask_certificate,1067.68,0,linearized_self_plus_boundary_mask_terms,derived_linear_model
bulletproofs,derived_n16_d64,small,64,16,14,2,0,range,signed_range_prove,3485.55,0,measured_per_client_times_n_admitted,derived_linear_model
bulletproofs,derived_n16_d64,small,64,16,14,2,0,range,signed_range_verify,682.912,0,measured_per_client_times_n_admitted,derived_linear_model
bulletproofs,derived_n16_d64,small,64,16,14,2,0,receipt,receipt_verify,47.2528,0,measured_per_client_times_n_selected,derived_linear_model
bulletproofs,derived_n16_d64,small,64,16,14,2,0,setup,round_generation,38545.9,0,measured_per_client_times_n_selected,derived_linear_model
bulletproofs,derived_n16_d64,small,64,16,14,2,0,submit,submit_prove,126.6,0,measured_per_client_times_n_selected,derived_linear_model
bulletproofs,derived_n16_d64,small,64,16,14,2,0,submit,submit_verify,181.448,0,measured_per_client_times_n_selected,derived_linear_model
bulletproofs,derived_n16_d64,small,64,16,14,2,0,transcript,membership_verify,41.3991,0,measured_per_client_times_n_admitted,derived_linear_model
bulletproofs,derived_n16_d64,small,64,16,14,2,0,transcript,transcript_root_build,378.629,0,measured_per_client_times_n_selected,derived_linear_model
bulletproofs,derived_n16_d64,small,64,16,14,2,0,pipeline,honest_full_audit_pipeline,4096.93,0,linearized_verifier_sum,derived_linear_model
bulletproofs,derived_n32_d64,small,64,32,28,4,0,aggregate,verify_aggregate_certificate,3533.63,0,measured_per_client_aggregate_audit_terms,derived_linear_model
bulletproofs,derived_n32_d64,small,64,32,28,4,0,appeal,verify_appeal,485.638,0,measured_per_client_times_n_admitted,derived_linear_model
bulletproofs,derived_n32_d64,small,64,32,28,4,0,commit,commit_vector,105.804,0,measured_per_client_times_n_selected,derived_linear_model
bulletproofs,derived_n32_d64,small,64,32,28,4,0,decision,verify_accepted_decision,401.167,0,measured_per_client_times_n_admitted,derived_linear_model
bulletproofs,derived_n32_d64,small,64,32,28,4,0,l2,l2_prove,468.35,0,measured_per_client_times_n_admitted,derived_linear_model
bulletproofs,derived_n32_d64,small,64,32,28,4,0,l2,l2_verify,217.691,0,measured_per_client_times_n_admitted,derived_linear_model
bulletproofs,derived_n32_d64,small,64,32,28,4,0,mask,mask_tag_generation,474.957,0,measured_per_client_times_n_selected,derived_linear_model
bulletproofs,derived_n32_d64,small,64,32,28,4,0,mask,verify_mask_certificate,3558.93,0,linearized_self_plus_boundary_mask_terms,derived_linear_model
bulletproofs,derived_n32_d64,small,64,32,28,4,0,range,signed_range_prove,6971.1,0,measured_per_client_times_n_admitted,derived_linear_model
bulletproofs,derived_n32_d64,small,64,32,28,4,0,range,signed_range_verify,1365.82,0,measured_per_client_times_n_admitted,derived_linear_model
bulletproofs,derived_n32_d64,small,64,32,28,4,0,receipt,receipt_verify,94.5056,0,measured_per_client_times_n_selected,derived_linear_model
bulletproofs,derived_n32_d64,small,64,32,28,4,0,setup,round_generation,77091.8,0,measured_per_client_times_n_selected,derived_linear_model
bulletproofs,derived_n32_d64,small,64,32,28,4,0,submit,submit_prove,253.2,0,measured_per_client_times_n_selected,derived_linear_model
bulletproofs,derived_n32_d64,small,64,32,28,4,0,submit,submit_verify,362.896,0,measured_per_client_times_n_selected,derived_linear_model
bulletproofs,derived_n32_d64,small,64,32,28,4,0,transcript,membership_verify,82.7982,0,measured_per_client_times_n_admitted,derived_linear_model
bulletproofs,derived_n32_d64,small,64,32,28,4,0,transcript,transcript_root_build,757.258,0,measured_per_client_times_n_selected,derived_linear_model
bulletproofs,derived_n32_d64,small,64,32,28,4,0,pipeline,honest_full_audit_pipeline,9617.44,0,linearized_verifier_sum,derived_linear_model
bulletproofs,derived_n64_d64,small,64,64,56,8,0,aggregate,verify_aggregate_certificate,7067.26,0,measured_per_client_aggregate_audit_terms,derived_linear_model
bulletproofs,derived_n64_d64,small,64,64,56,8,0,appeal,verify_appeal,971.275,0,measured_per_client_times_n_admitted,derived_linear_model
bulletproofs,derived_n64_d64,small,64,64,56,8,0,commit,commit_vector,211.607,0,measured_per_client_times_n_selected,derived_linear_model
bulletproofs,derived_n64_d64,small,64,64,56,8,0,decision,verify_accepted_decision,802.334,0,measured_per_client_times_n_admitted,derived_linear_model
bulletproofs,derived_n64_d64,small,64,64,56,8,0,l2,l2_prove,936.701,0,measured_per_client_times_n_admitted,derived_linear_model
bulletproofs,derived_n64_d64,small,64,64,56,8,0,l2,l2_verify,435.382,0,measured_per_client_times_n_admitted,derived_linear_model
bulletproofs,derived_n64_d64,small,64,64,56,8,0,mask,mask_tag_generation,949.914,0,measured_per_client_times_n_selected,derived_linear_model
bulletproofs,derived_n64_d64,small,64,64,56,8,0,mask,verify_mask_certificate,12812.1,0,linearized_self_plus_boundary_mask_terms,derived_linear_model
bulletproofs,derived_n64_d64,small,64,64,56,8,0,range,signed_range_prove,13942.2,0,measured_per_client_times_n_admitted,derived_linear_model
bulletproofs,derived_n64_d64,small,64,64,56,8,0,range,signed_range_verify,2731.65,0,measured_per_client_times_n_admitted,derived_linear_model
bulletproofs,derived_n64_d64,small,64,64,56,8,0,receipt,receipt_verify,189.011,0,measured_per_client_times_n_selected,derived_linear_model
bulletproofs,derived_n64_d64,small,64,64,56,8,0,setup,round_generation,154184,0,measured_per_client_times_n_selected,derived_linear_model
bulletproofs,derived_n64_d64,small,64,64,56,8,0,submit,submit_prove,506.4,0,measured_per_client_times_n_selected,derived_linear_model
bulletproofs,derived_n64_d64,small,64,64,56,8,0,submit,submit_verify,725.792,0,measured_per_client_times_n_selected,derived_linear_model
bulletproofs,derived_n64_d64,small,64,64,56,8,0,transcript,membership_verify,165.596,0,measured_per_client_times_n_admitted,derived_linear_model
bulletproofs,derived_n64_d64,small,64,64,56,8,0,transcript,transcript_root_build,1514.52,0,measured_per_client_times_n_selected,derived_linear_model
bulletproofs,derived_n64_d64,small,64,64,56,8,0,pipeline,honest_full_audit_pipeline,24929.2,0,linearized_verifier_sum,derived_linear_model
bulletproofs,derived_n128_d64,small,64,128,112,16,0,aggregate,verify_aggregate_certificate,14134.5,0,measured_per_client_aggregate_audit_terms,derived_linear_model
bulletproofs,derived_n128_d64,small,64,128,112,16,0,appeal,verify_appeal,1942.55,0,measured_per_client_times_n_admitted,derived_linear_model
bulletproofs,derived_n128_d64,small,64,128,112,16,0,commit,commit_vector,423.214,0,measured_per_client_times_n_selected,derived_linear_model
bulletproofs,derived_n128_d64,small,64,128,112,16,0,decision,verify_accepted_decision,1604.67,0,measured_per_client_times_n_admitted,derived_linear_model
bulletproofs,derived_n128_d64,small,64,128,112,16,0,l2,l2_prove,1873.4,0,measured_per_client_times_n_admitted,derived_linear_model
bulletproofs,derived_n128_d64,small,64,128,112,16,0,l2,l2_verify,870.764,0,measured_per_client_times_n_admitted,derived_linear_model
bulletproofs,derived_n128_d64,small,64,128,112,16,0,mask,mask_tag_generation,1899.83,0,measured_per_client_times_n_selected,derived_linear_model
bulletproofs,derived_n128_d64,small,64,128,112,16,0,mask,verify_mask_certificate,48401.4,0,linearized_self_plus_boundary_mask_terms,derived_linear_model
bulletproofs,derived_n128_d64,small,64,128,112,16,0,range,signed_range_prove,27884.4,0,measured_per_client_times_n_admitted,derived_linear_model
bulletproofs,derived_n128_d64,small,64,128,112,16,0,range,signed_range_verify,5463.29,0,measured_per_client_times_n_admitted,derived_linear_model
bulletproofs,derived_n128_d64,small,64,128,112,16,0,receipt,receipt_verify,378.022,0,measured_per_client_times_n_selected,derived_linear_model
bulletproofs,derived_n128_d64,small,64,128,112,16,0,setup,round_generation,308367,0,measured_per_client_times_n_selected,derived_linear_model
bulletproofs,derived_n128_d64,small,64,128,112,16,0,submit,submit_prove,1012.8,0,measured_per_client_times_n_selected,derived_linear_model
bulletproofs,derived_n128_d64,small,64,128,112,16,0,submit,submit_verify,1451.58,0,measured_per_client_times_n_selected,derived_linear_model
bulletproofs,derived_n128_d64,small,64,128,112,16,0,transcript,membership_verify,331.193,0,measured_per_client_times_n_admitted,derived_linear_model
bulletproofs,derived_n128_d64,small,64,128,112,16,0,transcript,transcript_root_build,3029.03,0,measured_per_client_times_n_selected,derived_linear_model
bulletproofs,derived_n128_d64,small,64,128,112,16,0,pipeline,honest_full_audit_pipeline,72635.4,0,linearized_verifier_sum,derived_linear_model
bulletproofs,derived_n256_d64,small,64,256,224,32,0,aggregate,verify_aggregate_certificate,28269,0,measured_per_client_aggregate_audit_terms,derived_linear_model
bulletproofs,derived_n256_d64,small,64,256,224,32,0,appeal,verify_appeal,3885.1,0,measured_per_client_times_n_admitted,derived_linear_model
bulletproofs,derived_n256_d64,small,64,256,224,32,0,commit,commit_vector,846.428,0,measured_per_client_times_n_selected,derived_linear_model
bulletproofs,derived_n256_d64,small,64,256,224,32,0,decision,verify_accepted_decision,3209.34,0,measured_per_client_times_n_admitted,derived_linear_model
bulletproofs,derived_n256_d64,small,64,256,224,32,0,l2,l2_prove,3746.8,0,measured_per_client_times_n_admitted,derived_linear_model
bulletproofs,derived_n256_d64,small,64,256,224,32,0,l2,l2_verify,1741.53,0,measured_per_client_times_n_admitted,derived_linear_model
bulletproofs,derived_n256_d64,small,64,256,224,32,0,mask,mask_tag_generation,3799.65,0,measured_per_client_times_n_selected,derived_linear_model
bulletproofs,derived_n256_d64,small,64,256,224,32,0,mask,verify_mask_certificate,187911,0,linearized_self_plus_boundary_mask_terms,derived_linear_model
bulletproofs,derived_n256_d64,small,64,256,224,32,0,range,signed_range_prove,55768.8,0,measured_per_client_times_n_admitted,derived_linear_model
bulletproofs,derived_n256_d64,small,64,256,224,32,0,range,signed_range_verify,10926.6,0,measured_per_client_times_n_admitted,derived_linear_model
bulletproofs,derived_n256_d64,small,64,256,224,32,0,receipt,receipt_verify,756.045,0,measured_per_client_times_n_selected,derived_linear_model
bulletproofs,derived_n256_d64,small,64,256,224,32,0,setup,round_generation,616735,0,measured_per_client_times_n_selected,derived_linear_model
bulletproofs,derived_n256_d64,small,64,256,224,32,0,submit,submit_prove,2025.6,0,measured_per_client_times_n_selected,derived_linear_model
bulletproofs,derived_n256_d64,small,64,256,224,32,0,submit,submit_verify,2903.17,0,measured_per_client_times_n_selected,derived_linear_model
bulletproofs,derived_n256_d64,small,64,256,224,32,0,transcript,membership_verify,662.386,0,measured_per_client_times_n_admitted,derived_linear_model
bulletproofs,derived_n256_d64,small,64,256,224,32,0,transcript,transcript_root_build,6058.06,0,measured_per_client_times_n_selected,derived_linear_model
bulletproofs,derived_n256_d64,small,64,256,224,32,0,pipeline,honest_full_audit_pipeline,236379,0,linearized_verifier_sum,derived_linear_model
bulletproofs,derived_n8_d8,smoke,8,8,7,1,0,aggregate,verify_aggregate_certificate,299.296,0,measured_per_client_aggregate_audit_terms,derived_linear_model
bulletproofs,derived_n8_d8,smoke,8,8,7,1,0,appeal,verify_appeal,20.4383,0,measured_per_client_times_n_admitted,derived_linear_model
bulletproofs,derived_n8_d8,smoke,8,8,7,1,0,commit,commit_vector,3.31728,0,measured_per_client_times_n_selected,derived_linear_model
bulletproofs,derived_n8_d8,smoke,8,8,7,1,0,decision,verify_accepted_decision,17.1609,0,measured_per_client_times_n_admitted,derived_linear_model
bulletproofs,derived_n8_d8,smoke,8,8,7,1,0,l2,l2_prove,42.1873,0,measured_per_client_times_n_admitted,derived_linear_model
bulletproofs,derived_n8_d8,smoke,8,8,7,1,0,l2,l2_verify,14.9821,0,measured_per_client_times_n_admitted,derived_linear_model
bulletproofs,derived_n8_d8,smoke,8,8,7,1,0,mask,mask_tag_generation,28.1795,0,measured_per_client_times_n_selected,derived_linear_model
bulletproofs,derived_n8_d8,smoke,8,8,7,1,0,mask,verify_mask_certificate,127.999,0,linearized_self_plus_boundary_mask_terms,derived_linear_model
bulletproofs,derived_n8_d8,smoke,8,8,7,1,0,range,signed_range_prove,140.612,0,measured_per_client_times_n_admitted,derived_linear_model
bulletproofs,derived_n8_d8,smoke,8,8,7,1,0,range,signed_range_verify,28.4696,0,measured_per_client_times_n_admitted,derived_linear_model
bulletproofs,derived_n8_d8,smoke,8,8,7,1,0,receipt,receipt_verify,4.91648,0,measured_per_client_times_n_selected,derived_linear_model
bulletproofs,derived_n8_d8,smoke,8,8,7,1,0,setup,round_generation,4056.54,0,measured_per_client_times_n_selected,derived_linear_model
bulletproofs,derived_n8_d8,smoke,8,8,7,1,0,submit,submit_prove,10.6506,0,measured_per_client_times_n_selected,derived_linear_model
bulletproofs,derived_n8_d8,smoke,8,8,7,1,0,submit,submit_verify,13.3877,0,measured_per_client_times_n_selected,derived_linear_model
bulletproofs,derived_n8_d8,smoke,8,8,7,1,0,transcript,membership_verify,4.36912,0,measured_per_client_times_n_admitted,derived_linear_model
bulletproofs,derived_n8_d8,smoke,8,8,7,1,0,transcript,transcript_root_build,79.0461,0,measured_per_client_times_n_selected,derived_linear_model
bulletproofs,derived_n8_d8,smoke,8,8,7,1,0,aggregate,verify_aggregate_certificate,45.0287,0,measured_per_client_aggregate_audit_terms,derived_linear_model
bulletproofs,derived_n8_d8,smoke,8,8,7,1,0,appeal,verify_appeal,12.7344,0,measured_per_client_times_n_admitted,derived_linear_model
bulletproofs,derived_n8_d8,smoke,8,8,7,1,0,commit,commit_vector,3.30266,0,measured_per_client_times_n_selected,derived_linear_model
bulletproofs,derived_n8_d8,smoke,8,8,7,1,0,decision,verify_accepted_decision,10.8673,0,measured_per_client_times_n_admitted,derived_linear_model
bulletproofs,derived_n8_d8,smoke,8,8,7,1,0,l2,l2_prove,43.1321,0,measured_per_client_times_n_admitted,derived_linear_model
bulletproofs,derived_n8_d8,smoke,8,8,7,1,0,l2,l2_verify,15.2441,0,measured_per_client_times_n_admitted,derived_linear_model
bulletproofs,derived_n8_d8,smoke,8,8,7,1,0,mask,mask_tag_generation,8.536,0,measured_per_client_times_n_selected,derived_linear_model
bulletproofs,derived_n8_d8,smoke,8,8,7,1,0,mask,verify_mask_certificate,20.6542,0,linearized_self_plus_boundary_mask_terms,derived_linear_model
bulletproofs,derived_n8_d8,smoke,8,8,7,1,0,range,signed_range_prove,144.291,0,measured_per_client_times_n_admitted,derived_linear_model
bulletproofs,derived_n8_d8,smoke,8,8,7,1,0,range,signed_range_verify,28.5525,0,measured_per_client_times_n_admitted,derived_linear_model
bulletproofs,derived_n8_d8,smoke,8,8,7,1,0,receipt,receipt_verify,2.00266,0,measured_per_client_times_n_selected,derived_linear_model
bulletproofs,derived_n8_d8,smoke,8,8,7,1,0,setup,round_generation,894.4,0,measured_per_client_times_n_selected,derived_linear_model
bulletproofs,derived_n8_d8,smoke,8,8,7,1,0,submit,submit_prove,7.24666,0,measured_per_client_times_n_selected,derived_linear_model
bulletproofs,derived_n8_d8,smoke,8,8,7,1,0,submit,submit_verify,10.405,0,measured_per_client_times_n_selected,derived_linear_model
bulletproofs,derived_n8_d8,smoke,8,8,7,1,0,transcript,membership_verify,1.7605,0,measured_per_client_times_n_admitted,derived_linear_model
bulletproofs,derived_n8_d8,smoke,8,8,7,1,0,transcript,transcript_root_build,8.09304,0,measured_per_client_times_n_selected,derived_linear_model
bulletproofs,derived_n8_d8,smoke,8,8,7,1,0,pipeline,honest_full_audit_pipeline,134.515,0,linearized_verifier_sum,derived_linear_model
bulletproofs,derived_n16_d8,smoke,8,16,14,2,0,aggregate,verify_aggregate_certificate,598.592,0,measured_per_client_aggregate_audit_terms,derived_linear_model
bulletproofs,derived_n16_d8,smoke,8,16,14,2,0,appeal,verify_appeal,40.8766,0,measured_per_client_times_n_admitted,derived_linear_model
bulletproofs,derived_n16_d8,smoke,8,16,14,2,0,commit,commit_vector,6.63456,0,measured_per_client_times_n_selected,derived_linear_model
bulletproofs,derived_n16_d8,smoke,8,16,14,2,0,decision,verify_accepted_decision,34.3218,0,measured_per_client_times_n_admitted,derived_linear_model
bulletproofs,derived_n16_d8,smoke,8,16,14,2,0,l2,l2_prove,84.3746,0,measured_per_client_times_n_admitted,derived_linear_model
bulletproofs,derived_n16_d8,smoke,8,16,14,2,0,l2,l2_verify,29.9642,0,measured_per_client_times_n_admitted,derived_linear_model
bulletproofs,derived_n16_d8,smoke,8,16,14,2,0,mask,mask_tag_generation,56.359,0,measured_per_client_times_n_selected,derived_linear_model
bulletproofs,derived_n16_d8,smoke,8,16,14,2,0,mask,verify_mask_certificate,383.998,0,linearized_self_plus_boundary_mask_terms,derived_linear_model
bulletproofs,derived_n16_d8,smoke,8,16,14,2,0,range,signed_range_prove,281.224,0,measured_per_client_times_n_admitted,derived_linear_model
bulletproofs,derived_n16_d8,smoke,8,16,14,2,0,range,signed_range_verify,56.9391,0,measured_per_client_times_n_admitted,derived_linear_model
bulletproofs,derived_n16_d8,smoke,8,16,14,2,0,receipt,receipt_verify,9.83296,0,measured_per_client_times_n_selected,derived_linear_model
bulletproofs,derived_n16_d8,smoke,8,16,14,2,0,setup,round_generation,8113.09,0,measured_per_client_times_n_selected,derived_linear_model
bulletproofs,derived_n16_d8,smoke,8,16,14,2,0,submit,submit_prove,21.3011,0,measured_per_client_times_n_selected,derived_linear_model
bulletproofs,derived_n16_d8,smoke,8,16,14,2,0,submit,submit_verify,26.7754,0,measured_per_client_times_n_selected,derived_linear_model
bulletproofs,derived_n16_d8,smoke,8,16,14,2,0,transcript,membership_verify,8.73824,0,measured_per_client_times_n_admitted,derived_linear_model
bulletproofs,derived_n16_d8,smoke,8,16,14,2,0,transcript,transcript_root_build,158.092,0,measured_per_client_times_n_selected,derived_linear_model
bulletproofs,derived_n16_d8,smoke,8,16,14,2,0,aggregate,verify_aggregate_certificate,90.0574,0,measured_per_client_aggregate_audit_terms,derived_linear_model
bulletproofs,derived_n16_d8,smoke,8,16,14,2,0,appeal,verify_appeal,25.4688,0,measured_per_client_times_n_admitted,derived_linear_model
bulletproofs,derived_n16_d8,smoke,8,16,14,2,0,commit,commit_vector,6.60533,0,measured_per_client_times_n_selected,derived_linear_model
bulletproofs,derived_n16_d8,smoke,8,16,14,2,0,decision,verify_accepted_decision,21.7346,0,measured_per_client_times_n_admitted,derived_linear_model
bulletproofs,derived_n16_d8,smoke,8,16,14,2,0,l2,l2_prove,86.2642,0,measured_per_client_times_n_admitted,derived_linear_model
bulletproofs,derived_n16_d8,smoke,8,16,14,2,0,l2,l2_verify,30.4882,0,measured_per_client_times_n_admitted,derived_linear_model
bulletproofs,derived_n16_d8,smoke,8,16,14,2,0,mask,mask_tag_generation,17.072,0,measured_per_client_times_n_selected,derived_linear_model
bulletproofs,derived_n16_d8,smoke,8,16,14,2,0,mask,verify_mask_certificate,61.9626,0,linearized_self_plus_boundary_mask_terms,derived_linear_model
bulletproofs,derived_n16_d8,smoke,8,16,14,2,0,range,signed_range_prove,288.582,0,measured_per_client_times_n_admitted,derived_linear_model
bulletproofs,derived_n16_d8,smoke,8,16,14,2,0,range,signed_range_verify,57.105,0,measured_per_client_times_n_admitted,derived_linear_model
bulletproofs,derived_n16_d8,smoke,8,16,14,2,0,receipt,receipt_verify,4.00533,0,measured_per_client_times_n_selected,derived_linear_model
bulletproofs,derived_n16_d8,smoke,8,16,14,2,0,setup,round_generation,1788.8,0,measured_per_client_times_n_selected,derived_linear_model
bulletproofs,derived_n16_d8,smoke,8,16,14,2,0,submit,submit_prove,14.4933,0,measured_per_client_times_n_selected,derived_linear_model
bulletproofs,derived_n16_d8,smoke,8,16,14,2,0,submit,submit_verify,20.8101,0,measured_per_client_times_n_selected,derived_linear_model
bulletproofs,derived_n16_d8,smoke,8,16,14,2,0,transcript,membership_verify,3.521,0,measured_per_client_times_n_admitted,derived_linear_model
bulletproofs,derived_n16_d8,smoke,8,16,14,2,0,transcript,transcript_root_build,16.1861,0,measured_per_client_times_n_selected,derived_linear_model
bulletproofs,derived_n16_d8,smoke,8,16,14,2,0,pipeline,honest_full_audit_pipeline,289.684,0,linearized_verifier_sum,derived_linear_model
bulletproofs,derived_n32_d8,smoke,8,32,28,4,0,aggregate,verify_aggregate_certificate,1197.18,0,measured_per_client_aggregate_audit_terms,derived_linear_model
bulletproofs,derived_n32_d8,smoke,8,32,28,4,0,appeal,verify_appeal,81.7533,0,measured_per_client_times_n_admitted,derived_linear_model
bulletproofs,derived_n32_d8,smoke,8,32,28,4,0,commit,commit_vector,13.2691,0,measured_per_client_times_n_selected,derived_linear_model
bulletproofs,derived_n32_d8,smoke,8,32,28,4,0,decision,verify_accepted_decision,68.6437,0,measured_per_client_times_n_admitted,derived_linear_model
bulletproofs,derived_n32_d8,smoke,8,32,28,4,0,l2,l2_prove,168.749,0,measured_per_client_times_n_admitted,derived_linear_model
bulletproofs,derived_n32_d8,smoke,8,32,28,4,0,l2,l2_verify,59.9284,0,measured_per_client_times_n_admitted,derived_linear_model
bulletproofs,derived_n32_d8,smoke,8,32,28,4,0,mask,mask_tag_generation,112.718,0,measured_per_client_times_n_selected,derived_linear_model
bulletproofs,derived_n32_d8,smoke,8,32,28,4,0,mask,verify_mask_certificate,1279.99,0,linearized_self_plus_boundary_mask_terms,derived_linear_model
bulletproofs,derived_n32_d8,smoke,8,32,28,4,0,range,signed_range_prove,562.447,0,measured_per_client_times_n_admitted,derived_linear_model
bulletproofs,derived_n32_d8,smoke,8,32,28,4,0,range,signed_range_verify,113.878,0,measured_per_client_times_n_admitted,derived_linear_model
bulletproofs,derived_n32_d8,smoke,8,32,28,4,0,receipt,receipt_verify,19.6659,0,measured_per_client_times_n_selected,derived_linear_model
bulletproofs,derived_n32_d8,smoke,8,32,28,4,0,setup,round_generation,16226.2,0,measured_per_client_times_n_selected,derived_linear_model
bulletproofs,derived_n32_d8,smoke,8,32,28,4,0,submit,submit_prove,42.6022,0,measured_per_client_times_n_selected,derived_linear_model
bulletproofs,derived_n32_d8,smoke,8,32,28,4,0,submit,submit_verify,53.5507,0,measured_per_client_times_n_selected,derived_linear_model
bulletproofs,derived_n32_d8,smoke,8,32,28,4,0,transcript,membership_verify,17.4765,0,measured_per_client_times_n_admitted,derived_linear_model
bulletproofs,derived_n32_d8,smoke,8,32,28,4,0,transcript,transcript_root_build,316.184,0,measured_per_client_times_n_selected,derived_linear_model
bulletproofs,derived_n32_d8,smoke,8,32,28,4,0,aggregate,verify_aggregate_certificate,180.115,0,measured_per_client_aggregate_audit_terms,derived_linear_model
bulletproofs,derived_n32_d8,smoke,8,32,28,4,0,appeal,verify_appeal,50.9376,0,measured_per_client_times_n_admitted,derived_linear_model
bulletproofs,derived_n32_d8,smoke,8,32,28,4,0,commit,commit_vector,13.2107,0,measured_per_client_times_n_selected,derived_linear_model
bulletproofs,derived_n32_d8,smoke,8,32,28,4,0,decision,verify_accepted_decision,43.4692,0,measured_per_client_times_n_admitted,derived_linear_model
bulletproofs,derived_n32_d8,smoke,8,32,28,4,0,l2,l2_prove,172.528,0,measured_per_client_times_n_admitted,derived_linear_model
bulletproofs,derived_n32_d8,smoke,8,32,28,4,0,l2,l2_verify,60.9764,0,measured_per_client_times_n_admitted,derived_linear_model
bulletproofs,derived_n32_d8,smoke,8,32,28,4,0,mask,mask_tag_generation,34.144,0,measured_per_client_times_n_selected,derived_linear_model
bulletproofs,derived_n32_d8,smoke,8,32,28,4,0,mask,verify_mask_certificate,206.542,0,linearized_self_plus_boundary_mask_terms,derived_linear_model
bulletproofs,derived_n32_d8,smoke,8,32,28,4,0,range,signed_range_prove,577.164,0,measured_per_client_times_n_admitted,derived_linear_model
bulletproofs,derived_n32_d8,smoke,8,32,28,4,0,range,signed_range_verify,114.21,0,measured_per_client_times_n_admitted,derived_linear_model
bulletproofs,derived_n32_d8,smoke,8,32,28,4,0,receipt,receipt_verify,8.01066,0,measured_per_client_times_n_selected,derived_linear_model
bulletproofs,derived_n32_d8,smoke,8,32,28,4,0,setup,round_generation,3577.6,0,measured_per_client_times_n_selected,derived_linear_model
bulletproofs,derived_n32_d8,smoke,8,32,28,4,0,submit,submit_prove,28.9867,0,measured_per_client_times_n_selected,derived_linear_model
bulletproofs,derived_n32_d8,smoke,8,32,28,4,0,submit,submit_verify,41.6202,0,measured_per_client_times_n_selected,derived_linear_model
bulletproofs,derived_n32_d8,smoke,8,32,28,4,0,transcript,membership_verify,7.042,0,measured_per_client_times_n_admitted,derived_linear_model
bulletproofs,derived_n32_d8,smoke,8,32,28,4,0,transcript,transcript_root_build,32.3722,0,measured_per_client_times_n_selected,derived_linear_model
bulletproofs,derived_n32_d8,smoke,8,32,28,4,0,pipeline,honest_full_audit_pipeline,661.985,0,linearized_verifier_sum,derived_linear_model
bulletproofs,derived_n64_d8,smoke,8,64,56,8,0,aggregate,verify_aggregate_certificate,2394.37,0,measured_per_client_aggregate_audit_terms,derived_linear_model
bulletproofs,derived_n64_d8,smoke,8,64,56,8,0,appeal,verify_appeal,163.507,0,measured_per_client_times_n_admitted,derived_linear_model
bulletproofs,derived_n64_d8,smoke,8,64,56,8,0,commit,commit_vector,26.5382,0,measured_per_client_times_n_selected,derived_linear_model
bulletproofs,derived_n64_d8,smoke,8,64,56,8,0,decision,verify_accepted_decision,137.287,0,measured_per_client_times_n_admitted,derived_linear_model
bulletproofs,derived_n64_d8,smoke,8,64,56,8,0,l2,l2_prove,337.499,0,measured_per_client_times_n_admitted,derived_linear_model
bulletproofs,derived_n64_d8,smoke,8,64,56,8,0,l2,l2_verify,119.857,0,measured_per_client_times_n_admitted,derived_linear_model
bulletproofs,derived_n64_d8,smoke,8,64,56,8,0,mask,mask_tag_generation,225.436,0,measured_per_client_times_n_selected,derived_linear_model
bulletproofs,derived_n64_d8,smoke,8,64,56,8,0,mask,verify_mask_certificate,4607.97,0,linearized_self_plus_boundary_mask_terms,derived_linear_model
bulletproofs,derived_n64_d8,smoke,8,64,56,8,0,range,signed_range_prove,1124.89,0,measured_per_client_times_n_admitted,derived_linear_model
bulletproofs,derived_n64_d8,smoke,8,64,56,8,0,range,signed_range_verify,227.756,0,measured_per_client_times_n_admitted,derived_linear_model
bulletproofs,derived_n64_d8,smoke,8,64,56,8,0,receipt,receipt_verify,39.3318,0,measured_per_client_times_n_selected,derived_linear_model
bulletproofs,derived_n64_d8,smoke,8,64,56,8,0,setup,round_generation,32452.4,0,measured_per_client_times_n_selected,derived_linear_model
bulletproofs,derived_n64_d8,smoke,8,64,56,8,0,submit,submit_prove,85.2045,0,measured_per_client_times_n_selected,derived_linear_model
bulletproofs,derived_n64_d8,smoke,8,64,56,8,0,submit,submit_verify,107.101,0,measured_per_client_times_n_selected,derived_linear_model
bulletproofs,derived_n64_d8,smoke,8,64,56,8,0,transcript,membership_verify,34.953,0,measured_per_client_times_n_admitted,derived_linear_model
bulletproofs,derived_n64_d8,smoke,8,64,56,8,0,transcript,transcript_root_build,632.369,0,measured_per_client_times_n_selected,derived_linear_model
bulletproofs,derived_n64_d8,smoke,8,64,56,8,0,aggregate,verify_aggregate_certificate,360.23,0,measured_per_client_aggregate_audit_terms,derived_linear_model
bulletproofs,derived_n64_d8,smoke,8,64,56,8,0,appeal,verify_appeal,101.875,0,measured_per_client_times_n_admitted,derived_linear_model
bulletproofs,derived_n64_d8,smoke,8,64,56,8,0,commit,commit_vector,26.4213,0,measured_per_client_times_n_selected,derived_linear_model
bulletproofs,derived_n64_d8,smoke,8,64,56,8,0,decision,verify_accepted_decision,86.9383,0,measured_per_client_times_n_admitted,derived_linear_model
bulletproofs,derived_n64_d8,smoke,8,64,56,8,0,l2,l2_prove,345.057,0,measured_per_client_times_n_admitted,derived_linear_model
bulletproofs,derived_n64_d8,smoke,8,64,56,8,0,l2,l2_verify,121.953,0,measured_per_client_times_n_admitted,derived_linear_model
bulletproofs,derived_n64_d8,smoke,8,64,56,8,0,mask,mask_tag_generation,68.288,0,measured_per_client_times_n_selected,derived_linear_model
bulletproofs,derived_n64_d8,smoke,8,64,56,8,0,mask,verify_mask_certificate,743.551,0,linearized_self_plus_boundary_mask_terms,derived_linear_model
bulletproofs,derived_n64_d8,smoke,8,64,56,8,0,range,signed_range_prove,1154.33,0,measured_per_client_times_n_admitted,derived_linear_model
bulletproofs,derived_n64_d8,smoke,8,64,56,8,0,range,signed_range_verify,228.42,0,measured_per_client_times_n_admitted,derived_linear_model
bulletproofs,derived_n64_d8,smoke,8,64,56,8,0,receipt,receipt_verify,16.0213,0,measured_per_client_times_n_selected,derived_linear_model
bulletproofs,derived_n64_d8,smoke,8,64,56,8,0,setup,round_generation,7155.2,0,measured_per_client_times_n_selected,derived_linear_model
bulletproofs,derived_n64_d8,smoke,8,64,56,8,0,submit,submit_prove,57.9733,0,measured_per_client_times_n_selected,derived_linear_model
bulletproofs,derived_n64_d8,smoke,8,64,56,8,0,submit,submit_verify,83.2403,0,measured_per_client_times_n_selected,derived_linear_model
bulletproofs,derived_n64_d8,smoke,8,64,56,8,0,transcript,membership_verify,14.084,0,measured_per_client_times_n_admitted,derived_linear_model
bulletproofs,derived_n64_d8,smoke,8,64,56,8,0,transcript,transcript_root_build,64.7443,0,measured_per_client_times_n_selected,derived_linear_model
bulletproofs,derived_n64_d8,smoke,8,64,56,8,0,pipeline,honest_full_audit_pipeline,1654.44,0,linearized_verifier_sum,derived_linear_model
bulletproofs,derived_n128_d8,smoke,8,128,112,16,0,aggregate,verify_aggregate_certificate,4788.74,0,measured_per_client_aggregate_audit_terms,derived_linear_model
bulletproofs,derived_n128_d8,smoke,8,128,112,16,0,appeal,verify_appeal,327.013,0,measured_per_client_times_n_admitted,derived_linear_model
bulletproofs,derived_n128_d8,smoke,8,128,112,16,0,commit,commit_vector,53.0765,0,measured_per_client_times_n_selected,derived_linear_model
bulletproofs,derived_n128_d8,smoke,8,128,112,16,0,decision,verify_accepted_decision,274.575,0,measured_per_client_times_n_admitted,derived_linear_model
bulletproofs,derived_n128_d8,smoke,8,128,112,16,0,l2,l2_prove,674.997,0,measured_per_client_times_n_admitted,derived_linear_model
bulletproofs,derived_n128_d8,smoke,8,128,112,16,0,l2,l2_verify,239.714,0,measured_per_client_times_n_admitted,derived_linear_model
bulletproofs,derived_n128_d8,smoke,8,128,112,16,0,mask,mask_tag_generation,450.872,0,measured_per_client_times_n_selected,derived_linear_model
bulletproofs,derived_n128_d8,smoke,8,128,112,16,0,mask,verify_mask_certificate,17407.9,0,linearized_self_plus_boundary_mask_terms,derived_linear_model
bulletproofs,derived_n128_d8,smoke,8,128,112,16,0,range,signed_range_prove,2249.79,0,measured_per_client_times_n_admitted,derived_linear_model
bulletproofs,derived_n128_d8,smoke,8,128,112,16,0,range,signed_range_verify,455.513,0,measured_per_client_times_n_admitted,derived_linear_model
bulletproofs,derived_n128_d8,smoke,8,128,112,16,0,receipt,receipt_verify,78.6637,0,measured_per_client_times_n_selected,derived_linear_model
bulletproofs,derived_n128_d8,smoke,8,128,112,16,0,setup,round_generation,64904.7,0,measured_per_client_times_n_selected,derived_linear_model
bulletproofs,derived_n128_d8,smoke,8,128,112,16,0,submit,submit_prove,170.409,0,measured_per_client_times_n_selected,derived_linear_model
bulletproofs,derived_n128_d8,smoke,8,128,112,16,0,submit,submit_verify,214.203,0,measured_per_client_times_n_selected,derived_linear_model
bulletproofs,derived_n128_d8,smoke,8,128,112,16,0,transcript,membership_verify,69.9059,0,measured_per_client_times_n_admitted,derived_linear_model
bulletproofs,derived_n128_d8,smoke,8,128,112,16,0,transcript,transcript_root_build,1264.74,0,measured_per_client_times_n_selected,derived_linear_model
bulletproofs,derived_n128_d8,smoke,8,128,112,16,0,aggregate,verify_aggregate_certificate,720.459,0,measured_per_client_aggregate_audit_terms,derived_linear_model
bulletproofs,derived_n128_d8,smoke,8,128,112,16,0,appeal,verify_appeal,203.75,0,measured_per_client_times_n_admitted,derived_linear_model
bulletproofs,derived_n128_d8,smoke,8,128,112,16,0,commit,commit_vector,52.8426,0,measured_per_client_times_n_selected,derived_linear_model
bulletproofs,derived_n128_d8,smoke,8,128,112,16,0,decision,verify_accepted_decision,173.877,0,measured_per_client_times_n_admitted,derived_linear_model
bulletproofs,derived_n128_d8,smoke,8,128,112,16,0,l2,l2_prove,690.114,0,measured_per_client_times_n_admitted,derived_linear_model
bulletproofs,derived_n128_d8,smoke,8,128,112,16,0,l2,l2_verify,243.906,0,measured_per_client_times_n_admitted,derived_linear_model
bulletproofs,derived_n128_d8,smoke,8,128,112,16,0,mask,mask_tag_generation,136.576,0,measured_per_client_times_n_selected,derived_linear_model
bulletproofs,derived_n128_d8,smoke,8,128,112,16,0,mask,verify_mask_certificate,2808.97,0,linearized_self_plus_boundary_mask_terms,derived_linear_model
bulletproofs,derived_n128_d8,smoke,8,128,112,16,0,range,signed_range_prove,2308.66,0,measured_per_client_times_n_admitted,derived_linear_model
bulletproofs,derived_n128_d8,smoke,8,128,112,16,0,range,signed_range_verify,456.84,0,measured_per_client_times_n_admitted,derived_linear_model
bulletproofs,derived_n128_d8,smoke,8,128,112,16,0,receipt,receipt_verify,32.0426,0,measured_per_client_times_n_selected,derived_linear_model
bulletproofs,derived_n128_d8,smoke,8,128,112,16,0,setup,round_generation,14310.4,0,measured_per_client_times_n_selected,derived_linear_model
bulletproofs,derived_n128_d8,smoke,8,128,112,16,0,submit,submit_prove,115.947,0,measured_per_client_times_n_selected,derived_linear_model
bulletproofs,derived_n128_d8,smoke,8,128,112,16,0,submit,submit_verify,166.481,0,measured_per_client_times_n_selected,derived_linear_model
bulletproofs,derived_n128_d8,smoke,8,128,112,16,0,transcript,membership_verify,28.168,0,measured_per_client_times_n_admitted,derived_linear_model
bulletproofs,derived_n128_d8,smoke,8,128,112,16,0,transcript,transcript_root_build,129.489,0,measured_per_client_times_n_selected,derived_linear_model
bulletproofs,derived_n128_d8,smoke,8,128,112,16,0,pipeline,honest_full_audit_pipeline,4630.74,0,linearized_verifier_sum,derived_linear_model
bulletproofs,derived_n256_d8,smoke,8,256,224,32,0,aggregate,verify_aggregate_certificate,9577.48,0,measured_per_client_aggregate_audit_terms,derived_linear_model
bulletproofs,derived_n256_d8,smoke,8,256,224,32,0,appeal,verify_appeal,654.026,0,measured_per_client_times_n_admitted,derived_linear_model
bulletproofs,derived_n256_d8,smoke,8,256,224,32,0,commit,commit_vector,106.153,0,measured_per_client_times_n_selected,derived_linear_model
bulletproofs,derived_n256_d8,smoke,8,256,224,32,0,decision,verify_accepted_decision,549.149,0,measured_per_client_times_n_admitted,derived_linear_model
bulletproofs,derived_n256_d8,smoke,8,256,224,32,0,l2,l2_prove,1349.99,0,measured_per_client_times_n_admitted,derived_linear_model
bulletproofs,derived_n256_d8,smoke,8,256,224,32,0,l2,l2_verify,479.427,0,measured_per_client_times_n_admitted,derived_linear_model
bulletproofs,derived_n256_d8,smoke,8,256,224,32,0,mask,mask_tag_generation,901.745,0,measured_per_client_times_n_selected,derived_linear_model
bulletproofs,derived_n256_d8,smoke,8,256,224,32,0,mask,verify_mask_certificate,67583.6,0,linearized_self_plus_boundary_mask_terms,derived_linear_model
bulletproofs,derived_n256_d8,smoke,8,256,224,32,0,range,signed_range_prove,4499.58,0,measured_per_client_times_n_admitted,derived_linear_model
bulletproofs,derived_n256_d8,smoke,8,256,224,32,0,range,signed_range_verify,911.026,0,measured_per_client_times_n_admitted,derived_linear_model
bulletproofs,derived_n256_d8,smoke,8,256,224,32,0,receipt,receipt_verify,157.327,0,measured_per_client_times_n_selected,derived_linear_model
bulletproofs,derived_n256_d8,smoke,8,256,224,32,0,setup,round_generation,129809,0,measured_per_client_times_n_selected,derived_linear_model
bulletproofs,derived_n256_d8,smoke,8,256,224,32,0,submit,submit_prove,340.818,0,measured_per_client_times_n_selected,derived_linear_model
bulletproofs,derived_n256_d8,smoke,8,256,224,32,0,submit,submit_verify,428.406,0,measured_per_client_times_n_selected,derived_linear_model
bulletproofs,derived_n256_d8,smoke,8,256,224,32,0,transcript,membership_verify,139.812,0,measured_per_client_times_n_admitted,derived_linear_model
bulletproofs,derived_n256_d8,smoke,8,256,224,32,0,transcript,transcript_root_build,2529.47,0,measured_per_client_times_n_selected,derived_linear_model
bulletproofs,derived_n256_d8,smoke,8,256,224,32,0,aggregate,verify_aggregate_certificate,1440.92,0,measured_per_client_aggregate_audit_terms,derived_linear_model
bulletproofs,derived_n256_d8,smoke,8,256,224,32,0,appeal,verify_appeal,407.501,0,measured_per_client_times_n_admitted,derived_linear_model
bulletproofs,derived_n256_d8,smoke,8,256,224,32,0,commit,commit_vector,105.685,0,measured_per_client_times_n_selected,derived_linear_model
bulletproofs,derived_n256_d8,smoke,8,256,224,32,0,decision,verify_accepted_decision,347.753,0,measured_per_client_times_n_admitted,derived_linear_model
bulletproofs,derived_n256_d8,smoke,8,256,224,32,0,l2,l2_prove,1380.23,0,measured_per_client_times_n_admitted,derived_linear_model
bulletproofs,derived_n256_d8,smoke,8,256,224,32,0,l2,l2_verify,487.812,0,measured_per_client_times_n_admitted,derived_linear_model
bulletproofs,derived_n256_d8,smoke,8,256,224,32,0,mask,mask_tag_generation,273.152,0,measured_per_client_times_n_selected,derived_linear_model
bulletproofs,derived_n256_d8,smoke,8,256,224,32,0,mask,verify_mask_certificate,10905.4,0,linearized_self_plus_boundary_mask_terms,derived_linear_model
bulletproofs,derived_n256_d8,smoke,8,256,224,32,0,range,signed_range_prove,4617.31,0,measured_per_client_times_n_admitted,derived_linear_model
bulletproofs,derived_n256_d8,smoke,8,256,224,32,0,range,signed_range_verify,913.68,0,measured_per_client_times_n_admitted,derived_linear_model
bulletproofs,derived_n256_d8,smoke,8,256,224,32,0,receipt,receipt_verify,64.0852,0,measured_per_client_times_n_selected,derived_linear_model
bulletproofs,derived_n256_d8,smoke,8,256,224,32,0,setup,round_generation,28620.8,0,measured_per_client_times_n_selected,derived_linear_model
bulletproofs,derived_n256_d8,smoke,8,256,224,32,0,submit,submit_prove,231.893,0,measured_per_client_times_n_selected,derived_linear_model
bulletproofs,derived_n256_d8,smoke,8,256,224,32,0,submit,submit_verify,332.961,0,measured_per_client_times_n_selected,derived_linear_model
bulletproofs,derived_n256_d8,smoke,8,256,224,32,0,transcript,membership_verify,56.336,0,measured_per_client_times_n_admitted,derived_linear_model
bulletproofs,derived_n256_d8,smoke,8,256,224,32,0,transcript,transcript_root_build,258.977,0,measured_per_client_times_n_selected,derived_linear_model
bulletproofs,derived_n256_d8,smoke,8,256,224,32,0,pipeline,honest_full_audit_pipeline,14549,0,linearized_verifier_sum,derived_linear_model
