backend,case_name,n_selected,n_admitted,n_dropped,n_rejected,dim,component,operation,rows,iterations_total,mean_ms,p50_ms,p95_ms,median_ms,std_ms,min_ms,max_ms,success_rate
bulletproofs,small,8,7,1,0,64,aggregate,verify_aggregate_certificate,1,5,126.201,126.067,126.746,126.201,0,126.047,126.746,1
bulletproofs,small,8,7,1,0,64,appeal,verify_appeal,1,5,17.3442,17.3341,17.4269,17.3442,0,17.2997,17.4269,1
bulletproofs,small,8,7,1,0,64,commit,commit_vector,1,5,3.30636,3.3025,3.3286,3.30636,0,3.2928,3.3286,1
bulletproofs,small,8,7,1,0,64,decision,verify_accepted_decision,1,5,14.3274,14.3137,14.4399,14.3274,0,14.2595,14.4399,1
bulletproofs,small,8,7,1,0,64,l2,l2_prove,1,5,16.7268,16.7298,16.7756,16.7268,0,16.6789,16.7756,1
bulletproofs,small,8,7,1,0,64,l2,l2_verify,1,5,7.77468,7.778,7.8916,7.77468,0,7.6648,7.8916,1
bulletproofs,small,8,7,1,0,64,mask,mask_tag_generation,1,5,14.8424,14.8462,14.8545,14.8424,0,14.8259,14.8545,1
bulletproofs,small,8,7,1,0,64,mask,verify_mask_certificate,1,5,25.4209,25.4261,25.4649,25.4209,0,25.3798,25.4649,1
bulletproofs,small,8,7,1,0,64,pipeline,honest_full_audit_pipeline,1,5,633.536,633.425,633.904,633.536,0,633.167,633.904,1
bulletproofs,small,8,7,1,0,64,range,signed_range_prove,1,5,248.968,249.138,249.689,248.968,0,247.957,249.689,1
bulletproofs,small,8,7,1,0,64,range,signed_range_verify,1,5,48.7794,48.7651,49.0239,48.7794,0,48.6303,49.0239,1
bulletproofs,small,8,7,1,0,64,receipt,receipt_verify,1,5,2.9533,2.9533,2.9599,2.9533,0,2.947,2.9599,1
bulletproofs,small,8,7,1,0,64,setup,round_generation,1,5,2409.12,2408.14,2412.93,2409.12,0,2407.11,2412.93,1
bulletproofs,small,8,7,1,0,64,submit,submit_prove,1,5,7.9125,7.9078,7.9296,7.9125,0,7.8987,7.9296,1
bulletproofs,small,8,7,1,0,64,submit,submit_verify,1,5,11.3405,11.3398,11.3768,11.3405,0,11.3102,11.3768,1
bulletproofs,small,8,7,1,0,64,transcript,membership_verify,1,5,2.95708,2.9511,2.9832,2.95708,0,2.9486,2.9832,1
bulletproofs,small,8,7,1,0,64,transcript,transcript_root_build,1,5,23.6643,23.6618,23.6822,23.6643,0,23.6487,23.6822,1
bulletproofs,smoke,16,14,2,0,8,aggregate,verify_aggregate_certificate,1,5,42.7566,42.7443,42.8659,42.7566,0,42.6797,42.8659,1
bulletproofs,smoke,16,14,2,0,8,appeal,verify_appeal,1,5,2.91976,2.9145,2.9384,2.91976,0,2.9101,2.9384,1
bulletproofs,smoke,16,14,2,0,8,commit,commit_vector,1,5,0.41466,0.4146,0.4151,0.41466,0,0.4143,0.4151,1
bulletproofs,smoke,16,14,2,0,8,decision,verify_accepted_decision,1,5,2.45156,2.4466,2.4725,2.45156,0,2.4458,2.4725,1
bulletproofs,smoke,16,14,2,0,8,l2,l2_prove,1,5,6.02676,6.0236,6.0659,6.02676,0,5.9964,6.0659,1
bulletproofs,smoke,16,14,2,0,8,l2,l2_verify,1,5,2.1403,2.1343,2.1645,2.1403,0,2.1321,2.1645,1
bulletproofs,smoke,16,14,2,0,8,mask,mask_tag_generation,1,5,3.52244,3.5172,3.5456,3.52244,0,3.516,3.5456,1
bulletproofs,smoke,16,14,2,0,8,mask,verify_mask_certificate,1,5,9.1428,9.1351,9.1655,9.1428,0,9.1269,9.1655,1
bulletproofs,smoke,16,14,2,0,8,pipeline,honest_full_audit_pipeline,1,5,161.64,161.604,161.985,161.64,0,161.427,161.985,1
bulletproofs,smoke,16,14,2,0,8,range,signed_range_prove,1,5,20.0874,20.0755,20.1205,20.0874,0,20.0707,20.1205,1
bulletproofs,smoke,16,14,2,0,8,range,signed_range_verify,1,5,4.06708,4.0576,4.0841,4.06708,0,4.055,4.0841,1
bulletproofs,smoke,16,14,2,0,8,receipt,receipt_verify,1,5,0.61456,0.6149,0.6153,0.61456,0,0.6134,0.6153,1
bulletproofs,smoke,16,14,2,0,8,setup,round_generation,1,5,507.068,507.014,508.134,507.068,0,505.714,508.134,1
bulletproofs,smoke,16,14,2,0,8,submit,submit_prove,1,5,1.33132,1.3271,1.3489,1.33132,0,1.326,1.3489,1
bulletproofs,smoke,16,14,2,0,8,submit,submit_verify,1,5,1.67346,1.6733,1.6744,1.67346,0,1.6728,1.6744,1
bulletproofs,smoke,16,14,2,0,8,transcript,membership_verify,1,5,0.62416,0.6238,0.632,0.62416,0,0.6179,0.632,1
bulletproofs,smoke,16,14,2,0,8,transcript,transcript_root_build,1,5,9.88076,9.8783,9.8883,9.88076,0,9.8743,9.8883,1
bulletproofs,smoke,4,3,1,0,8,aggregate,verify_aggregate_certificate,1,3,6.43267,6.4339,6.4508,6.43267,0,6.4133,6.4508,1
bulletproofs,smoke,4,3,1,0,8,appeal,verify_appeal,1,3,1.8192,1.8104,1.8496,1.8192,0,1.7976,1.8496,1
bulletproofs,smoke,4,3,1,0,8,commit,commit_vector,1,3,0.412833,0.4129,0.4131,0.412833,0,0.4125,0.4131,1
bulletproofs,smoke,4,3,1,0,8,decision,verify_accepted_decision,1,3,1.55247,1.5524,1.5528,1.55247,0,1.5522,1.5528,1
bulletproofs,smoke,4,3,1,0,8,l2,l2_prove,1,3,6.16173,6.1932,6.2173,6.16173,0,6.0747,6.2173,1
bulletproofs,smoke,4,3,1,0,8,l2,l2_verify,1,3,2.17773,2.1779,2.1834,2.17773,0,2.1719,2.1834,1
bulletproofs,smoke,4,3,1,0,8,mask,mask_tag_generation,1,3,1.067,1.0304,1.1407,1.067,0,1.0299,1.1407,1
bulletproofs,smoke,4,3,1,0,8,mask,verify_mask_certificate,1,3,1.4753,1.4744,1.4777,1.4753,0,1.4738,1.4777,1
bulletproofs,smoke,4,3,1,0,8,pipeline,honest_full_audit_pipeline,1,3,31.7541,31.5793,32.1338,31.7541,0,31.5492,32.1338,1
bulletproofs,smoke,4,3,1,0,8,range,signed_range_prove,1,3,20.613,20.6208,20.632,20.613,0,20.5862,20.632,1
bulletproofs,smoke,4,3,1,0,8,range,signed_range_verify,1,3,4.07893,4.0784,4.0818,4.07893,0,4.0766,4.0818,1
bulletproofs,smoke,4,3,1,0,8,receipt,receipt_verify,1,3,0.250333,0.2501,0.2513,0.250333,0,0.2496,0.2513,1
bulletproofs,smoke,4,3,1,0,8,setup,round_generation,1,3,111.8,111.778,112.009,111.8,0,111.612,112.009,1
bulletproofs,smoke,4,3,1,0,8,submit,submit_prove,1,3,0.905833,0.9058,0.9059,0.905833,0,0.9058,0.9059,1
bulletproofs,smoke,4,3,1,0,8,submit,submit_verify,1,3,1.30063,1.3006,1.3011,1.30063,0,1.3002,1.3011,1
bulletproofs,smoke,4,3,1,0,8,transcript,membership_verify,1,3,0.2515,0.2511,0.2524,0.2515,0,0.251,0.2524,1
bulletproofs,smoke,4,3,1,0,8,transcript,transcript_root_build,1,3,1.01163,1.0107,1.0254,1.01163,0,0.9988,1.0254,1
